1071	705	27	dose_form_of	PSN	DF
1556	661	27	dose_form_of	SY	DF
2183	528	24	dose_form_of	BD	DF
834	526	71	ingredient_of	TMSY	BN
1373	513	21	dose_form_of	TMSY	DF
1411	449	23	dose_form_of	DP	DF
662	434	24	dose_form_of	SCD	DF
807	402	24	dose_form_of	CDA	DF
807	402	24	dose_form_of	CDC	DF
807	402	24	dose_form_of	CDD	DF
2229	401	24	dose_form_of	CD	DF
345	345	111	inverse_isa	SCD	SCDFP
333	333	108	inverse_isa	PSN	SCDFP
636	316	22	dose_form_of	AB	DF
421	314	105	inverse_isa	CDA	SCDFP
421	314	105	inverse_isa	CDC	SCDFP
421	314	105	inverse_isa	CDD	SCDFP
608	301	117	ingredient_of	SY	BN
1066	297	106	inverse_isa	CD	SCDFP
326	292	112	ingredient_of	SBD	BN
453	292	24	dose_form_of	SBD	DF
556	289	112	inverse_isa	TMSY	TMSY
416	289	86	inverse_isa	SY	SCDFP
315	281	108	ingredient_of	PSN	BN
982	278	107	ingredient_of	BD	BN
554	277	20	ingredient_of	SCDC	FN
277	277	20	ingredient_of	SCDC	GN
289	277	20	ingredient_of	SCDC	IN
554	277	20	ingredient_of	SCDC	PT
310	276	112	ingredient_of	SBDC	BN
276	276	19	ingredient_of	SCDC	SU
299	272	10	ingredient_of	TMSY	TMSY
269	269	104	inverse_isa	PSN	TMSY
1788	263	18	ingredient_of	SCDC	SY
395	258	23	ingredient_of	TMSY	IN
705	258	17	ingredient_of	SCDC	FSY
712	255	21	ingredient_of	TMSY	FN
356	255	21	ingredient_of	TMSY	GN
712	255	21	ingredient_of	TMSY	PT
359	255	21	ingredient_of	TMSY	SU
919	255	20	ingredient_of	TMSY	FSY
367	250	94	inverse_isa	SY	TMSY
319	245	88	constitutes	PSN	SCDC
466	241	88	constitutes	SY	SCDC
622	235	99	inverse_isa	BD	TMSY
310	232	85	inverse_isa	AB	SCDFP
2639	231	19	ingredient_of	TMSY	SY
243	221	112	ingredient_of	SBDG	BN
221	221	14	doseformgroup_of	SBDG	DFG
213	213	104	inverse_isa	SBD	SBDFP
337	213	104	inverse_isa	SY	SBDFP
455	213	82	inverse_isa	BD	SCDFP
205	205	102	inverse_isa	PSN	SBDFP
480	205	69	inverse_isa	DP	SCDFP
629	203	102	inverse_isa	BD	SBDFP
290	203	67	ingredient_of	DP	BN
438	200	48	ingredient_of	SCDG	IN
740	200	46	ingredient_of	SCDG	FN
371	200	46	ingredient_of	SCDG	GN
740	200	46	ingredient_of	SCDG	PT
200	200	16	doseformgroup_of	SCDG	DFG
1531	199	1090	consists_of	SCDC	SY
556	199	552	consists_of	SCDC	SCD
354	197	71	inverse_isa	DP	TMSY
369	197	44	ingredient_of	SCDG	SU
791	193	86	constitutes	BD	SCDC
2799	192	40	ingredient_of	SCDG	SY
304	191	21	precise_ingredient_of	SCDC	IN
191	191	21	precise_ingredient_of	SCDC	PIN
199	190	199	form_of	TMSY	TMSY
1076	190	41	ingredient_of	SCDG	FSY
190	190	20	precise_ingredient_of	SCDC	FN
190	190	20	precise_ingredient_of	SCDC	PT
1671	188	935	tradename_of	TMSY	TMSY
225	188	113	has_tradename	SBDG	SCDGP
186	186	17	precise_ingredient_of	SCDC	SU
814	179	799	consists_of	SCDC	SBD
340	176	51	ingredient_of	SCDF	IN
575	176	49	ingredient_of	SCDF	FN
575	176	49	ingredient_of	SCDF	PT
287	176	48	ingredient_of	SCDF	GN
270	176	27	dose_form_of	SCDF	DF
288	175	46	ingredient_of	SCDF	SU
179	173	48	inverse_isa	SCD	CD
173	173	44	ingredients_of	SCD	MIN
173	173	15	precise_ingredient_of	SCDC	BN
258	171	15	dose_form_of	FN	DF
258	171	15	dose_form_of	PT	DF
176	170	48	inverse_isa	PSN	CD
170	170	48	inverse_isa	SCD	TMSY
319	170	48	inverse_isa	TMSY	SCDFP
838	169	43	ingredient_of	SCDF	FSY
169	169	42	ingredients_of	SCD	GN
2140	168	43	ingredient_of	SCDF	SY
186	165	186	form_of	SCDG	SCDGP
209	163	47	inverse_isa	CDA	TMSY
209	163	47	inverse_isa	CDC	TMSY
209	163	47	inverse_isa	CDD	TMSY
162	162	42	ingredients_of	PSN	MIN
318	161	318	tradename_of	SCD	SBD
578	161	315	tradename_of	SCD	SY
585	161	47	inverse_isa	CD	TMSY
226	161	46	inverse_isa	CDA	CD
226	161	46	inverse_isa	CDC	CD
226	161	46	inverse_isa	CDD	CD
189	161	44	ingredients_of	CDA	MIN
189	161	44	ingredients_of	CDC	MIN
189	161	44	ingredients_of	CDD	MIN
195	161	36	ingredients_of	SCD	IN
574	160	313	tradename_of	PSN	SY
543	160	44	ingredients_of	CD	MIN
1040	159	617	isa	SCDG	SCD
314	158	314	tradename_of	PSN	SBD
186	158	42	ingredients_of	CDA	GN
186	158	42	ingredients_of	CDC	GN
186	158	42	ingredients_of	CDD	GN
158	158	40	ingredients_of	PSN	GN
401	156	45	constitutes	TMSY	SCDC
526	156	42	ingredients_of	CD	GN
692	155	45	inverse_isa	CD	CD
205	154	85	constitutes	SCD	SCDC
2637	152	306	tradename_of	CD	SY
744	151	305	tradename_of	CDA	SY
744	151	305	tradename_of	CDC	SY
744	151	305	tradename_of	CDD	SY
1528	150	307	tradename_of	CD	SBD
209	150	36	ingredients_of	CDA	IN
209	150	36	ingredients_of	CDC	IN
209	150	36	ingredients_of	CDD	IN
184	150	34	ingredients_of	PSN	IN
419	149	306	tradename_of	CDA	SBD
419	149	306	tradename_of	CDC	SBD
419	149	306	tradename_of	CDD	SBD
603	148	36	ingredients_of	CD	IN
1139	147	356	isa	TMSY	TMSY
224	146	38	ingredients_of	SY	MIN
213	145	44	inverse_isa	AB	CD
154	144	154	form_of	SCDF	SCDFP
222	144	37	ingredients_of	SY	GN
881	143	293	tradename_of	SY	SY
215	142	83	constitutes	CDA	SCDC
215	142	83	constitutes	CDC	SCDC
215	142	83	constitutes	CDD	SCDC
142	142	29	ingredients_of	SCD	FN
142	142	29	ingredients_of	SCD	PT
428	141	294	tradename_of	SY	SBD
607	141	81	constitutes	CD	SCDC
3716	139	257	tradename_of	CD	BD
139	139	53	inverse_isa	FN	SCDFP
139	139	53	inverse_isa	PT	SCDFP
797	138	277	tradename_of	AB	SY
724	138	256	tradename_of	SCD	BD
723	138	255	tradename_of	PSN	BD
217	138	35	inverse_isa	SY	CD
262	138	32	ingredients_of	SY	IN
177	137	62	inverse_isa	DP	SBDFP
469	136	278	tradename_of	AB	SBD
1072	136	254	tradename_of	CDA	BD
1072	136	254	tradename_of	CDC	BD
1072	136	254	tradename_of	CDD	BD
394	135	381	consists_of	SCDC	PSN
169	135	43	inverse_isa	AB	TMSY
298	134	43	inverse_isa	BD	CD
668	133	657	tradename_of	SCDC	SBDC
556	133	556	isa	SCDF	SCD
133	133	29	ingredients_of	PSN	FN
133	133	29	ingredients_of	PSN	PT
754	131	754	tradename_of	SCDG	SBDG
159	131	29	ingredients_of	CDA	FN
159	131	29	ingredients_of	CDA	PT
159	131	29	ingredients_of	CDC	FN
159	131	29	ingredients_of	CDC	PT
159	131	29	ingredients_of	CDD	FN
159	131	29	ingredients_of	CDD	PT
1347	129	720	consists_of	TMSY	TMSY
1846	129	673	consists_of	SCDC	BD
140	129	114	ingredient_of	SBDF	BN
476	129	29	ingredients_of	CD	FN
476	129	29	ingredients_of	CD	PT
194	129	24	dose_form_of	SBDF	DF
126	126	107	has_quantified_form	PSN	SCD
126	126	107	has_quantified_form	SCD	SCD
286	126	60	constitutes	DP	SCDC
1196	125	231	tradename_of	AB	BD
306	124	37	inverse_isa	DP	CD
678	123	277	isa	TMSY	SCD
996	123	239	tradename_of	SY	BD
2152	121	273	tradename_of	BD	SBD
2783	121	270	tradename_of	BD	SY
199	121	26	ingredients_of	SY	FN
199	121	26	ingredients_of	SY	PT
833	118	560	consists_of	TMSY	SY
522	117	473	consists_of	TMSY	SBD
117	117	60	inverse_isa	SBD	TMSY
233	117	60	inverse_isa	TMSY	SBDFP
635	115	331	isa	SCDG	SY
881	115	249	isa	SCDG	CD
717	115	233	tradename_of	DP	SBD
1217	115	230	tradename_of	DP	SY
167	113	94	has_quantified_form	SY	SCD
120	113	54	has_tradename	SBDG	TMSY
128	111	33	ingredients_of	AB	MIN
5706	110	223	tradename_of	BD	BD
155	110	102	has_quantified_form	CDA	SCD
155	110	102	has_quantified_form	CDC	SCD
155	110	102	has_quantified_form	CDD	SCD
149	110	60	constitutes	SBD	SCDC
148	109	60	has_tradename	SBDC	SCDC
194	109	17	ingredient_of	SCDG	BN
125	108	31	ingredients_of	AB	GN
148	108	31	ingredients_of	AB	IN
342	107	195	isa	SCDG	PSN
106	106	106	form_of	SBDF	SBDFP
105	105	6	ingredient_of	SCDC	TMSY
1517	103	827	consists_of	SCDC	TMSY
116	103	116	tradename_of	PSN	PSN
404	102	174	isa	TMSY	SY
119	102	26	ingredients_of	AB	FN
119	102	26	ingredients_of	AB	PT
193	101	193	tradename_of	FN	SBD
396	101	193	tradename_of	FN	SY
193	101	193	tradename_of	PT	SBD
396	101	193	tradename_of	PT	SY
1732	101	184	tradename_of	DP	BD
114	101	114	tradename_of	SCD	PSN
185	100	24	inverse_isa	TMSY	CD
581	99	260	consists_of	SCDC	CD
115	99	79	has_quantified_form	PSN	SY
233	99	79	has_quantified_form	SY	SY
104	99	36	inverse_isa	FN	CD
104	99	36	inverse_isa	PT	CD
397	98	201	isa	SCDG	CDA
397	98	201	isa	SCDG	CDC
397	98	201	isa	SCDG	CDD
179	98	111	tradename_of	SY	PSN
145	97	110	tradename_of	CDA	PSN
145	97	110	tradename_of	CDC	PSN
145	97	110	tradename_of	CDD	PSN
452	95	108	tradename_of	CD	PSN
450	94	450	tradename_of	SCDF	SBDF
105	93	104	consists_of	SCDC	FN
105	93	104	consists_of	SCDC	PT
291	93	89	has_quantified_form	CD	SCD
748	92	200	tradename_of	TMSY	SY
131	92	51	constitutes	AB	SCDC
2213	91	214	tradename_of	CD	TMSY
156	91	19	ingredient_of	SCDF	BN
453	90	201	tradename_of	SCD	TMSY
402	90	201	tradename_of	TMSY	SBD
449	90	200	tradename_of	PSN	TMSY
220	90	99	isa	TMSY	PSN
268	89	208	consists_of	SCDC	CDA
268	89	208	consists_of	SCDC	CDC
268	89	208	consists_of	SCDC	CDD
139	89	102	tradename_of	AB	PSN
284	89	34	ingredients_of	BD	MIN
94	88	79	has_quantified_form	PSN	TMSY
176	88	79	has_quantified_form	TMSY	TMSY
278	86	32	ingredients_of	BD	GN
596	85	196	tradename_of	CDA	TMSY
596	85	196	tradename_of	CDC	TMSY
596	85	196	tradename_of	CDD	TMSY
721	85	136	isa	TMSY	CD
85	85	17	ingredients_of	SCD	TMSY
169	85	17	ingredients_of	TMSY	MIN
169	85	17	ingredients_of	TMSY	TMSY
1000	84	180	tradename_of	TMSY	BD
211	84	77	has_quantified_form	DP	SCD
398	83	143	tradename_of	FN	BD
398	83	143	tradename_of	PT	BD
303	83	29	ingredients_of	BD	IN
306	83	17	ingredients_of	CD	TMSY
165	83	16	ingredients_of	TMSY	GN
174	83	16	ingredients_of	TMSY	IN
247	82	247	consists_of	TMSY	SCD
103	82	81	has_quantified_form	AB	SCD
97	82	17	ingredients_of	CDA	TMSY
97	82	17	ingredients_of	CDC	TMSY
97	82	17	ingredients_of	CDD	TMSY
357	81	316	isa	SCDF	SY
186	81	186	isa	SCDF	PSN
261	81	27	ingredients_of	BD	FN
261	81	27	ingredients_of	BD	PT
518	80	228	isa	SCDF	CD
723	80	190	tradename_of	AB	TMSY
295	80	111	isa	TMSY	CDA
295	80	111	isa	TMSY	CDC
295	80	111	isa	TMSY	CDD
126	80	71	has_quantified_form	SY	TMSY
80	80	14	doseformgroup_of	TMSY	DFG
161	80	13	ingredients_of	TMSY	FN
161	80	13	ingredients_of	TMSY	PT
708	79	186	tradename_of	SY	TMSY
86	78	9	ingredient_of	SCDG	TMSY
242	77	145	isa	SBDG	SBD
92	75	92	consists_of	SBDC	SBD
75	75	16	ingredients_of	PSN	TMSY
75	75	10	ingredients_of	SCD	SY
75	75	7	precise_ingredient_of	SCDC	TMSY
75	75	7	precise_ingredient_of	TMSY	FN
127	75	7	precise_ingredient_of	TMSY	IN
75	75	7	precise_ingredient_of	TMSY	PIN
75	75	7	precise_ingredient_of	TMSY	PT
75	75	7	precise_ingredient_of	TMSY	TMSY
284	74	87	tradename_of	BD	PSN
74	74	21	ingredients_of	FN	MIN
74	74	21	ingredients_of	PT	MIN
74	74	10	ingredients_of	PSN	SY
142	74	10	ingredients_of	SY	SY
74	74	4	ingredient_of	SCDC	BN
82	73	30	constitutes	FN	SCDC
82	73	30	constitutes	PT	SCDC
73	73	6	precise_ingredient_of	TMSY	SU
228	72	66	has_quantified_form	BD	SY
72	72	20	ingredients_of	FN	FN
72	72	20	ingredients_of	FN	PT
72	72	20	ingredients_of	PT	FN
72	72	20	ingredients_of	PT	PT
77	72	9	ingredient_of	SCDF	TMSY
220	71	122	isa	SCDG	AB
207	71	81	tradename_of	DP	PSN
101	71	68	has_quantified_form	BD	SCD
87	71	31	has_tradename	TMSY	SCDC
210	71	25	ingredients_of	DP	MIN
71	71	5	precise_ingredient_of	TMSY	BN
117	70	87	consists_of	SBDC	SY
70	70	19	ingredients_of	FN	GN
93	70	19	ingredients_of	FN	IN
70	70	19	ingredients_of	PT	GN
93	70	19	ingredients_of	PT	IN
995	69	154	tradename_of	DP	TMSY
360	69	139	isa	SBDG	SY
101	69	93	consists_of	SCDC	AB
167	69	80	tradename_of	TMSY	PSN
69	69	22	inverse_isa	FN	TMSY
69	69	22	inverse_isa	PT	TMSY
120	69	13	ingredients_of	SY	TMSY
240	68	187	isa	SCDF	CDA
240	68	187	isa	SCDF	CDC
240	68	187	isa	SCDF	CDD
3984	68	174	tradename_of	BD	TMSY
228	68	40	ingredient_of	FN	FN
138	68	40	ingredient_of	FN	IN
228	68	40	ingredient_of	FN	PT
228	68	40	ingredient_of	PT	FN
138	68	40	ingredient_of	PT	IN
228	68	40	ingredient_of	PT	PT
113	68	39	ingredient_of	FN	GN
113	68	39	ingredient_of	PT	GN
207	68	23	ingredients_of	DP	GN
69	68	6	doseformgroup_of	FN	DFG
69	68	6	doseformgroup_of	PT	DFG
74	67	74	form_of	SCDG	TMSY
74	67	74	form_of	TMSY	SCDGP
166	67	61	has_quantified_form	DP	TMSY
655	66	272	isa	SCDG	TMSY
110	66	37	ingredient_of	FN	SU
110	66	37	ingredient_of	PT	SU
250	66	21	ingredients_of	DP	IN
475	65	470	tradename_of	SCDC	TMSY
148	65	63	has_quantified_form	BD	TMSY
79	65	16	ingredients_of	AB	TMSY
80	65	10	ingredients_of	CDA	SY
80	65	10	ingredients_of	CDC	SY
80	65	10	ingredients_of	CDD	SY
64	64	57	has_quantified_form	PSN	SBD
64	64	57	has_quantified_form	SBD	SBD
130	64	57	has_quantified_form	SY	SBD
809	64	35	ingredient_of	FN	SY
809	64	35	ingredient_of	PT	SY
203	64	19	ingredients_of	DP	FN
203	64	19	ingredients_of	DP	PT
134	63	57	has_quantified_form	DP	SY
69	63	55	has_quantified_form	SCD	TMSY
131	63	55	has_quantified_form	TMSY	SCD
347	63	34	ingredient_of	FN	FSY
347	63	34	ingredient_of	PT	FSY
251	63	10	ingredients_of	CD	SY
62	62	62	form_of	SBDF	TMSY
62	62	62	form_of	TMSY	SBDFP
193	61	104	isa	SCDG	FN
193	61	104	isa	SCDG	PT
326	61	71	isa	SCDG	BD
63	61	63	form_of	SCDF	TMSY
63	61	63	form_of	TMSY	SCDFP
1114	60	409	consists_of	TMSY	BD
68	60	8	precise_ingredient_of	SCDC	SY
75	59	52	has_quantified_form	SBD	SY
124	59	44	isa	TMSY	AB
169	59	5	dose_form_of	MTH_RXN_CD	DF
505	58	493	isa	FN	SCD
505	58	493	isa	PT	SCD
58	58	1	doseformgroup_of	SBDG	DF
344	57	236	isa	SCDF	TMSY
197	57	192	consists_of	TMSY	PSN
88	57	55	has_quantified_form	CDA	TMSY
88	57	55	has_quantified_form	CDC	TMSY
88	57	55	has_quantified_form	CDD	TMSY
61	56	61	form_of	FN	SCDGP
61	56	61	form_of	PT	SCDGP
172	56	53	has_quantified_form	BD	SBD
393	55	390	tradename_of	TMSY	SBDC
139	53	70	consists_of	SCDC	DP
379	53	68	isa	TMSY	BD
64	53	64	tradename_of	FN	PSN
64	53	64	tradename_of	PT	PSN
57	53	54	form_of	SCDF	CD
185	53	13	ingredients_of	BD	TMSY
98	53	9	constitutes	TMSY	TMSY
64	53	8	ingredients_of	AB	SY
182	52	51	has_quantified_form	CD	TMSY
121	52	13	inverse_isa	MTH_RXN_CD	SCDFP
52	52	7	ingredients_of	FN	SY
52	52	7	ingredients_of	PT	SY
135	50	37	has_quantified_form	MTH_RXN_CD	SCD
547	49	547	tradename_of	TMSY	SBDG
117	49	108	isa	SCDF	AB
278	49	106	tradename_of	FN	TMSY
278	49	106	tradename_of	PT	TMSY
105	49	104	isa	SCDF	FN
105	49	104	isa	SCDF	PT
48	48	1	doseformgroup_of	SCDG	DF
107	47	5	ingredients_of	TMSY	SY
60	46	46	has_quantified_form	AB	TMSY
112	46	10	ingredients_of	BD	SY
62	46	4	dose_form_of	MTH_RXN_BD	DF
118	45	11	ingredients_of	DP	TMSY
45	45	9	constitutes	SY	TMSY
45	45	8	ingredients_of	FN	TMSY
45	45	8	ingredients_of	PT	TMSY
130	44	44	isa	TMSY	FN
130	44	44	isa	TMSY	PT
152	43	152	tradename_of	FN	SBDG
152	43	152	tradename_of	PT	SBDG
109	43	109	isa	SBDF	SBD
254	43	95	isa	SBDG	TMSY
260	43	52	isa	SBDG	BD
70	43	42	has_quantified_form	DP	SBD
58	43	40	isa	SCDG	SCDF
299	41	127	consists_of	TMSY	CD
42	41	13	ingredients_of	SCD	BN
40	40	27	has_quantified_form	SCD	SY
142	40	13	ingredients_of	CD	BN
42	40	13	ingredients_of	CDA	BN
42	40	13	ingredients_of	CDC	BN
42	40	13	ingredients_of	CDD	BN
41	40	12	ingredients_of	PSN	BN
114	40	7	ingredients_of	DP	SY
340	39	340	tradename_of	SCDF	TMSY
340	39	340	tradename_of	TMSY	SBDF
155	39	103	isa	SBDF	SY
54	39	47	consists_of	SBDC	TMSY
313	38	152	isa	FN	CD
313	38	152	isa	PT	CD
192	38	74	isa	SCDF	BD
44	38	44	consists_of	TMSY	FN
44	38	44	consists_of	TMSY	PT
301	37	257	isa	FN	SY
301	37	257	isa	PT	SY
162	37	9	constitutes	BD	TMSY
37	37	9	constitutes	PSN	TMSY
37	37	3	precise_ingredient_of	SCDC	SYGB
117	36	96	consists_of	TMSY	CDA
117	36	96	consists_of	TMSY	CDC
117	36	96	consists_of	TMSY	CDD
38	35	35	tradename_of	PSN	DP
38	35	26	has_quantified_form	MTH_RXN_BD	SCD
49	34	34	tradename_of	CDA	DP
49	34	34	tradename_of	CDC	DP
49	34	34	tradename_of	CDD	DP
148	33	147	isa	FN	PSN
148	33	147	isa	PT	PSN
134	33	33	tradename_of	CD	DP
36	33	33	tradename_of	SCD	DP
59	33	33	tradename_of	SY	DP
44	32	32	tradename_of	AB	DP
39	32	13	has_tradename	TMSY	TMSY
44	31	26	has_quantified_form	CDA	SY
44	31	26	has_quantified_form	CDC	SY
44	31	26	has_quantified_form	CDD	SY
118	31	16	has_quantified_form	PSN	CDA
118	31	16	has_quantified_form	PSN	CDC
118	31	16	has_quantified_form	PSN	CDD
118	31	16	has_quantified_form	SCD	CDA
118	31	16	has_quantified_form	SCD	CDC
118	31	16	has_quantified_form	SCD	CDD
210	31	16	has_quantified_form	SY	CDA
210	31	16	has_quantified_form	SY	CDC
210	31	16	has_quantified_form	SY	CDD
67	31	15	ingredient_of	FN	BN
67	31	15	ingredient_of	PT	BN
33	31	12	ingredients_of	AB	BN
34	31	10	inverse_isa	MTH_RXN_BD	SCDFP
47	30	46	consists_of	TMSY	AB
36	30	11	ingredients_of	SY	BN
96	29	95	isa	FN	FN
96	29	95	isa	FN	PT
96	29	95	isa	PT	FN
96	29	95	isa	PT	PT
66	29	38	isa	SBDG	PSN
161	28	114	isa	FN	CDA
161	28	114	isa	FN	CDC
161	28	114	isa	FN	CDD
161	28	114	isa	PT	CDA
161	28	114	isa	PT	CDC
161	28	114	isa	PT	CDD
45	28	22	has_quantified_form	TMSY	SY
88	28	19	has_quantified_form	MTH_RXN_CD	SY
121	28	14	has_quantified_form	PSN	CD
121	28	14	has_quantified_form	SCD	CD
81	28	3	dose_form_of	MTH_RXN_DP	DF
110	27	102	isa	FN	AB
110	27	102	isa	PT	AB
215	27	13	has_quantified_form	SY	CD
27	27	8	constitutes	SBD	TMSY
27	27	8	has_tradename	SBDC	TMSY
57	26	34	consists_of	TMSY	DP
26	26	26	form_of	TMSY	CD
41	26	26	tradename_of	BD	DP
48	26	26	tradename_of	DP	DP
34	26	20	has_quantified_form	MTH_RXN_BD	SY
75	26	16	has_quantified_form	MTH_RXN_DP	SCD
69	26	8	constitutes	CD	TMSY
30	26	8	constitutes	CDA	TMSY
30	26	8	constitutes	CDC	TMSY
30	26	8	constitutes	CDD	TMSY
26	26	8	constitutes	SCD	TMSY
52	25	25	tradename_of	TMSY	DP
25	25	24	has_quantified_form	SBD	TMSY
28	25	24	has_quantified_form	TMSY	SBD
79	24	61	isa	TMSY	SBD
26	24	8	ingredient_of	FN	TMSY
26	24	8	ingredient_of	PT	TMSY
87	23	15	has_quantified_form	MTH_RXN_CD	TMSY
44	23	6	inverse_isa	MTH_RXN_CD	TMSY
102	22	61	isa	SBDF	TMSY
52	22	12	ingredients_of	BD	BN
22	22	1	doseformgroup_of	TMSY	DF
22	21	22	form_of	FN	TMSY
22	21	22	form_of	PT	TMSY
21	21	21	has_quantified_form	FN	SCD
21	21	21	has_quantified_form	PT	SCD
21	21	19	has_tradename	SBD	SCD
31	21	19	has_tradename	SY	SCD
221	20	166	isa	FN	TMSY
221	20	166	isa	PT	TMSY
91	20	31	isa	SBDF	BD
26	20	26	isa	FN	SCDF
26	20	26	isa	PT	SCDF
91	20	23	isa	SCDG	DP
20	20	18	has_tradename	SBD	PSN
30	20	18	has_tradename	SY	PSN
97	20	14	has_quantified_form	CDA	CDA
97	20	14	has_quantified_form	CDA	CDC
97	20	14	has_quantified_form	CDA	CDD
97	20	14	has_quantified_form	CDC	CDA
97	20	14	has_quantified_form	CDC	CDC
97	20	14	has_quantified_form	CDC	CDD
97	20	14	has_quantified_form	CDD	CDA
97	20	14	has_quantified_form	CDD	CDC
97	20	14	has_quantified_form	CDD	CDD
20	20	13	has_quantified_form	PSN	FN
20	20	13	has_quantified_form	PSN	PT
20	20	13	has_quantified_form	SCD	FN
20	20	13	has_quantified_form	SCD	PT
29	20	13	has_quantified_form	SY	FN
29	20	13	has_quantified_form	SY	PT
49	20	13	has_quantified_form	TMSY	FN
49	20	13	has_quantified_form	TMSY	PT
63	20	12	ingredient_of	CD	FN
39	20	12	ingredient_of	CD	IN
63	20	12	ingredient_of	CD	PT
31	20	11	ingredient_of	CD	GN
33	20	11	ingredient_of	CD	SU
220	20	11	ingredient_of	CD	SY
42	20	9	has_quantified_form	PSN	BD
79	20	9	has_quantified_form	SY	BD
47	20	7	inverse_isa	MTH_RXN_DP	SCDFP
71	19	36	isa	FN	BD
71	19	36	isa	PT	BD
294	19	8	has_quantified_form	MTH_RXN_CD	CD
28	19	7	has_quantified_form	PSN	AB
28	19	7	has_quantified_form	SCD	AB
50	19	7	has_quantified_form	SY	AB
22	19	2	dose_form_of	MTH_RXN_CDC	DF
19	19	1	precise_ingredient_of	TMSY	SY
42	18	16	has_quantified_form	CD	SY
59	18	16	isa	TMSY	DP
109	18	14	has_quantified_form	CD	CDA
109	18	14	has_quantified_form	CD	CDC
109	18	14	has_quantified_form	CD	CDD
153	18	11	has_quantified_form	DP	CDA
153	18	11	has_quantified_form	DP	CDC
153	18	11	has_quantified_form	DP	CDD
44	18	11	has_quantified_form	MTH_RXN_DP	SY
65	18	8	ingredients_of	DP	BN
78	17	22	isa	SCDF	DP
22	17	18	isa	TMSY	SCDF
17	17	17	has_tradename	PSN	PSN
17	17	17	has_tradename	PSN	SCD
18	17	17	has_tradename	SBD	CDA
18	17	17	has_tradename	SBD	CDC
18	17	17	has_tradename	SBD	CDD
28	17	17	has_tradename	SY	CDA
28	17	17	has_tradename	SY	CDC
28	17	17	has_tradename	SY	CDD
18	17	17	tradename_of	FN	DP
42	17	17	tradename_of	MTH_RXN_CD	SBD
82	17	17	tradename_of	MTH_RXN_CD	SY
18	17	17	tradename_of	PT	DP
158	17	10	has_quantified_form	DP	CD
23	17	10	has_quantified_form	MTH_RXN_BD	TMSY
80	17	10	ingredient_of	CD	FSY
49	16	16	has_tradename	BD	CDA
49	16	16	has_tradename	BD	CDC
49	16	16	has_tradename	BD	CDD
46	16	16	has_tradename	BD	SCD
17	16	16	has_tradename	PSN	CDA
17	16	16	has_tradename	PSN	CDC
17	16	16	has_tradename	PSN	CDD
44	16	16	has_tradename	SBD	CD
59	16	16	has_tradename	SY	CD
97	16	12	has_quantified_form	CDA	CD
97	16	12	has_quantified_form	CDC	CD
97	16	12	has_quantified_form	CDD	CD
16	16	12	isa	SBDG	SBDF
52	16	10	has_quantified_form	DP	FN
52	16	10	has_quantified_form	DP	PT
16	16	7	has_quantified_form	MTH_RXN_CDC	SCD
95	16	7	has_quantified_form	MTH_RXN_DP	TMSY
68	16	6	has_quantified_form	MTH_RXN_CD	AB
249	16	6	has_quantified_form	MTH_RXN_CD	CDA
249	16	6	has_quantified_form	MTH_RXN_CD	CDC
249	16	6	has_quantified_form	MTH_RXN_CD	CDD
28	16	4	constitutes	DP	TMSY
127	15	15	has_tradename	BD	CD
43	15	15	has_tradename	BD	PSN
41	15	15	has_tradename	PSN	CD
29	15	6	has_quantified_form	SCD	BD
25	15	6	ingredient_of	CD	BN
304	15	5	has_quantified_form	MTH_RXN_DP	DP
66	15	5	has_quantified_form	PSN	DP
104	15	5	has_quantified_form	SY	DP
44	14	15	ingredient_of	SY	IN
17	14	14	has_tradename	PSN	AB
17	14	14	has_tradename	SBD	AB
24	14	14	has_tradename	SY	AB
37	14	14	tradename_of	MTH_RXN_CD	PSN
37	14	14	tradename_of	MTH_RXN_CD	TMSY
18	14	13	has_quantified_form	AB	SY
14	14	13	has_quantified_form	CDA	FN
14	14	13	has_quantified_form	CDA	PT
14	14	13	has_quantified_form	CDC	FN
14	14	13	has_quantified_form	CDC	PT
14	14	13	has_quantified_form	CDD	FN
14	14	13	has_quantified_form	CDD	PT
103	14	11	has_quantified_form	CD	CD
15	14	8	ingredients_of	FN	BN
15	14	8	ingredients_of	PT	BN
38	14	7	has_quantified_form	DP	AB
59	14	5	has_quantified_form	MTH_RXN_BD	CD
26	14	1	dose_form_of	TMSY	SY
44	13	44	isa	CD	SCD
21	13	18	quantified_form_of	AB	SCD
29	13	18	quantified_form_of	AB	SY
87	13	18	quantified_form_of	CD	SCD
122	13	18	quantified_form_of	CD	SY
18	13	18	quantified_form_of	CDA	SCD
26	13	18	quantified_form_of	CDA	SY
18	13	18	quantified_form_of	CDC	SCD
26	13	18	quantified_form_of	CDC	SY
18	13	18	quantified_form_of	CDD	SCD
26	13	18	quantified_form_of	CDD	SY
18	13	18	quantified_form_of	PSN	SCD
26	13	18	quantified_form_of	PSN	SY
18	13	18	quantified_form_of	SCD	SCD
26	13	18	quantified_form_of	SCD	SY
19	13	18	quantified_form_of	SY	SCD
27	13	18	quantified_form_of	SY	SY
60	13	14	ingredient_of	SY	FN
30	13	14	ingredient_of	SY	GN
60	13	14	ingredient_of	SY	PT
30	13	14	ingredient_of	SY	SU
31	13	14	isa	SBDG	DP
46	13	13	has_tradename	BD	AB
43	13	13	has_tradename	BD	SY
15	13	13	has_tradename	PSN	SY
15	13	13	has_tradename	SBD	SY
26	13	13	has_tradename	SY	SY
105	13	13	ingredient_of	SY	FSY
260	13	13	ingredient_of	SY	SY
59	13	12	has_quantified_form	AB	CDA
59	13	12	has_quantified_form	AB	CDC
59	13	12	has_quantified_form	AB	CDD
32	13	12	has_quantified_form	CD	FN
32	13	12	has_quantified_form	CD	PT
113	13	6	has_quantified_form	TMSY	CD
13	13	6	inverse_isa	MTH_RXN_CDC	SCDFP
51	13	5	has_quantified_form	MTH_RXN_BD	CDA
51	13	5	has_quantified_form	MTH_RXN_BD	CDC
51	13	5	has_quantified_form	MTH_RXN_BD	CDD
60	13	4	has_quantified_form	MTH_RXN_BD	DP
228	13	4	has_quantified_form	MTH_RXN_CD	DP
53	13	4	has_quantified_form	MTH_RXN_CDC	CD
60	13	4	has_quantified_form	MTH_RXN_CDC	DP
212	13	4	has_quantified_form	MTH_RXN_DP	CD
60	13	4	has_quantified_form	SCD	DP
13	13	2	doseformgroup_of	SY	DFG
69	12	69	isa	SY	SCD
21	12	21	isa	SBDF	PSN
17	12	17	quantified_form_of	FN	SCD
24	12	17	quantified_form_of	FN	SY
17	12	17	quantified_form_of	PT	SCD
24	12	17	quantified_form_of	PT	SY
29	12	16	quantified_form_of	BD	SCD
42	12	16	quantified_form_of	BD	SY
44	12	16	quantified_form_of	DP	SCD
62	12	16	quantified_form_of	DP	SY
12	12	12	form_of	SY	SCDGP
12	12	12	tradename_of	MTH_RXN_BD	SBD
22	12	12	tradename_of	MTH_RXN_BD	SY
50	12	12	tradename_of	MTH_RXN_CD	BD
14	12	11	has_tradename	DP	PSN
14	12	11	has_tradename	DP	SCD
47	12	4	has_quantified_form	MTH_RXN_CDC	CDA
47	12	4	has_quantified_form	MTH_RXN_CDC	CDC
47	12	4	has_quantified_form	MTH_RXN_CDC	CDD
12	12	4	inverse_isa	MTH_RXN_BD	TMSY
27	12	1	dose_form_of	BD	SY
40	12	1	dose_form_of	DP	SY
12	12	1	dose_form_of	PSN	SY
18	12	1	dose_form_of	SY	SY
65	11	53	isa	SY	SY
23	11	22	isa	CD	SY
77	11	21	isa	FN	DP
77	11	21	isa	PT	DP
27	11	11	consists_of	SBDC	BD
14	11	11	quantified_form_of	AB	PSN
53	11	11	quantified_form_of	CD	PSN
11	11	11	quantified_form_of	CDA	PSN
11	11	11	quantified_form_of	CDC	PSN
11	11	11	quantified_form_of	CDD	PSN
11	11	11	quantified_form_of	PSN	PSN
11	11	11	quantified_form_of	SCD	PSN
11	11	11	quantified_form_of	SY	PSN
16	11	6	constitutes	AB	TMSY
19	11	5	ingredient_of	SY	TMSY
120	11	4	has_quantified_form	DP	DP
38	11	4	has_quantified_form	MTH_RXN_CD	FN
38	11	4	has_quantified_form	MTH_RXN_CD	PT
27	11	4	has_quantified_form	TMSY	AB
11	11	3	has_quantified_form	MTH_RXN_BD	AB
11	11	3	has_quantified_form	MTH_RXN_CDC	AB
48	11	3	has_quantified_form	MTH_RXN_DP	AB
186	11	3	has_quantified_form	MTH_RXN_DP	CDA
186	11	3	has_quantified_form	MTH_RXN_DP	CDC
186	11	3	has_quantified_form	MTH_RXN_DP	CDD
144	11	3	has_quantified_form	TMSY	DP
22	10	22	tradename_of	CD	SBDF
10	10	10	consists_of	SBDC	PSN
21	10	10	quantified_form_of	BD	PSN
33	10	10	quantified_form_of	DP	PSN
10	10	10	quantified_form_of	FN	PSN
10	10	10	quantified_form_of	PT	PSN
10	10	10	tradename_of	MTH_RXN_BD	PSN
10	10	10	tradename_of	MTH_RXN_BD	TMSY
10	10	10	tradename_of	MTH_RXN_CDC	SBD
18	10	10	tradename_of	MTH_RXN_CDC	SY
57	10	9	has_quantified_form	AB	CD
32	10	7	has_quantified_form	DP	BD
45	10	4	has_quantified_form	MTH_RXN_CD	BD
39	10	4	inverse_isa	MTH_RXN_DP	TMSY
16	10	3	has_quantified_form	MTH_RXN_CDC	TMSY
99	10	3	has_quantified_form	TMSY	CDA
99	10	3	has_quantified_form	TMSY	CDC
99	10	3	has_quantified_form	TMSY	CDD
12	10	2	inverse_isa	MTH_RXN_CD	CD
67	9	67	tradename_of	SY	SBDG
9	9	9	has_quantified_form	FN	TMSY
9	9	9	has_quantified_form	PT	TMSY
14	9	9	has_tradename	DP	AB
31	9	9	has_tradename	DP	CD
11	9	9	has_tradename	DP	CDA
11	9	9	has_tradename	DP	CDC
11	9	9	has_tradename	DP	CDD
61	9	7	has_quantified_form	BD	CD
54	9	7	has_quantified_form	BD	CDA
54	9	7	has_quantified_form	BD	CDC
54	9	7	has_quantified_form	BD	CDD
27	9	6	has_quantified_form	CD	AB
24	9	6	has_quantified_form	CDA	AB
24	9	6	has_quantified_form	CDC	AB
24	9	6	has_quantified_form	CDD	AB
15	9	5	ingredients_of	TMSY	BN
9	9	2	has_quantified_form	MTH_RXN_BD	FN
9	9	2	has_quantified_form	MTH_RXN_BD	PT
9	9	2	has_quantified_form	MTH_RXN_CDC	FN
9	9	2	has_quantified_form	MTH_RXN_CDC	PT
46	9	2	has_quantified_form	MTH_RXN_DP	FN
46	9	2	has_quantified_form	MTH_RXN_DP	PT
52	8	28	isa	SY	CD
8	8	8	tradename_of	MTH_RXN_CDC	PSN
8	8	8	tradename_of	MTH_RXN_CDC	TMSY
24	8	7	has_quantified_form	BD	FN
24	8	7	has_quantified_form	BD	PT
30	8	5	has_quantified_form	CD	BD
15	8	4	inverse_isa	MTH_RXN_BD	SBDFP
8	8	2	has_quantified_form	MTH_RXN_CDC	SY
8	8	2	ingredient_of	CD	TMSY
15	8	1	ingredient_of	MTH_RXN_BD	BN
29	7	29	isa	SY	PSN
27	7	12	isa	CD	CD
13	7	7	consists_of	SBDC	DP
7	7	7	has_quantified_form	AB	FN
7	7	7	has_quantified_form	AB	PT
12	7	7	has_quantified_form	MTH_RXN_BD	SBD
8	7	7	has_tradename	DP	SY
15	7	7	tradename_of	MTH_RXN_BD	BD
40	7	7	tradename_of	MTH_RXN_DP	PSN
40	7	7	tradename_of	MTH_RXN_DP	SBD
80	7	7	tradename_of	MTH_RXN_DP	SY
40	7	7	tradename_of	MTH_RXN_DP	TMSY
17	7	5	has_quantified_form	BD	AB
24	7	4	has_quantified_form	CDA	BD
24	7	4	has_quantified_form	CDC	BD
24	7	4	has_quantified_form	CDD	BD
9	7	3	has_quantified_form	MTH_RXN_BD	BD
9	7	3	has_quantified_form	MTH_RXN_CDC	BD
26	7	3	has_quantified_form	MTH_RXN_DP	BD
21	7	1	ingredient_of	BD	TMSY
7	7	1	ingredient_of	DP	TMSY
7	7	1	ingredient_of	PSN	TMSY
7	7	1	ingredient_of	SBD	TMSY
7	7	1	ingredient_of	SBDC	TMSY
41	6	34	isa	SY	CDA
41	6	34	isa	SY	CDC
41	6	34	isa	SY	CDD
35	6	22	isa	CD	TMSY
17	6	17	isa	SY	AB
12	6	12	isa	CD	PSN
15	6	9	isa	SBDF	DP
6	6	6	isa	SY	SCDF
16	6	5	has_quantified_form	AB	AB
19	6	5	has_quantified_form	BD	BD
9	6	1	dose_form_of	AB	SY
31	6	1	dose_form_of	CD	SY
6	6	1	dose_form_of	CDA	SY
6	6	1	dose_form_of	CDC	SY
6	6	1	dose_form_of	CDD	SY
6	6	1	dose_form_of	FN	SY
6	6	1	dose_form_of	PT	SY
6	6	1	dose_form_of	SBD	SY
6	6	1	dose_form_of	SCD	SY
6	5	6	form_of	CD	SCDFP
6	5	6	isa	SCDF	MTH_RXN_BD
15	5	6	isa	SCDF	MTH_RXN_CD
14	5	6	isa	SY	BD
36	5	5	has_tradename	BD	BD
12	5	5	has_tradename	SBD	BD
12	5	5	has_tradename	SY	BD
10	5	5	tradename_of	MTH_RXN_CDC	BD
15	5	4	has_quantified_form	AB	BD
38	5	3	has_quantified_form	BD	DP
13	5	3	has_quantified_form	SBD	BD
5	5	3	ingredient_of	BN	BN
7	5	2	dose_form_of	BN	DF
5	5	2	inverse_isa	MTH_RXN_CDC	TMSY
44	4	21	isa	SY	TMSY
12	4	12	isa	CD	FN
12	4	12	isa	CD	PT
9	4	9	isa	CD	AB
9	4	9	isa	CD	CDA
9	4	9	isa	CD	CDC
9	4	9	isa	CD	CDD
8	4	8	inverse_isa	SCDF	SCDG
5	4	5	form_of	CD	TMSY
4	4	4	form_of	SY	TMSY
36	4	4	has_tradename	BD	DP
10	4	4	has_tradename	PSN	BD
12	4	4	has_tradename	PSN	DP
4	4	4	has_tradename	PSN	FN
4	4	4	has_tradename	PSN	PT
12	4	4	has_tradename	SBD	DP
4	4	4	has_tradename	SBD	FN
4	4	4	has_tradename	SBD	PT
20	4	4	has_tradename	SY	DP
5	4	4	has_tradename	SY	FN
5	4	4	has_tradename	SY	PT
4	4	4	tradename_of	MTH_RXN_CD	DP
7	4	4	tradename_of	TMSY	CD
14	4	2	has_quantified_form	CD	DP
6	3	6	consists_of	SCDC	MTH_RXN_BD
15	3	6	consists_of	SCDC	MTH_RXN_CD
6	3	6	isa	FN	MTH_RXN_BD
15	3	6	isa	FN	MTH_RXN_CD
6	3	6	isa	PT	MTH_RXN_BD
15	3	6	isa	PT	MTH_RXN_CD
6	3	6	isa	SCDG	MTH_RXN_BD
15	3	6	isa	SCDG	MTH_RXN_CD
6	3	5	inverse_isa	CD	SCDG
14	3	3	contains	BD	SY
14	3	3	contains	BD	TMSY
3	3	3	contains	PSN	SY
3	3	3	contains	PSN	TMSY
6	3	3	contains	SY	SY
6	3	3	contains	SY	TMSY
4	3	3	contains	TMSY	SY
4	3	3	contains	TMSY	TMSY
9	3	3	has_tradename	BD	FN
9	3	3	has_tradename	BD	PT
15	3	3	has_tradename	BD	TMSY
3	3	3	has_tradename	DP	FN
3	3	3	has_tradename	DP	PT
5	3	3	has_tradename	SBD	TMSY
3	3	3	has_tradename	SBDG	SCDG
5	3	3	has_tradename	SY	TMSY
20	3	3	has_tradename	TMSY	CD
6	3	3	has_tradename	TMSY	CDA
6	3	3	has_tradename	TMSY	CDC
6	3	3	has_tradename	TMSY	CDD
6	3	3	has_tradename	TMSY	SCD
3	3	3	quantified_form_of	AB	CD
3	3	3	quantified_form_of	AB	CDA
3	3	3	quantified_form_of	AB	CDC
3	3	3	quantified_form_of	AB	CDD
5	3	3	quantified_form_of	BD	CDA
5	3	3	quantified_form_of	BD	CDC
5	3	3	quantified_form_of	BD	CDD
11	3	3	quantified_form_of	CD	CD
15	3	3	quantified_form_of	CD	CDA
15	3	3	quantified_form_of	CD	CDC
15	3	3	quantified_form_of	CD	CDD
3	3	3	quantified_form_of	CDA	CD
3	3	3	quantified_form_of	CDA	CDA
3	3	3	quantified_form_of	CDA	CDC
3	3	3	quantified_form_of	CDA	CDD
3	3	3	quantified_form_of	CDC	CD
3	3	3	quantified_form_of	CDC	CDA
3	3	3	quantified_form_of	CDC	CDC
3	3	3	quantified_form_of	CDC	CDD
3	3	3	quantified_form_of	CDD	CD
3	3	3	quantified_form_of	CDD	CDA
3	3	3	quantified_form_of	CDD	CDC
3	3	3	quantified_form_of	CDD	CDD
6	3	3	quantified_form_of	DP	CDA
6	3	3	quantified_form_of	DP	CDC
6	3	3	quantified_form_of	DP	CDD
3	3	3	quantified_form_of	FN	CD
3	3	3	quantified_form_of	FN	CDA
3	3	3	quantified_form_of	FN	CDC
3	3	3	quantified_form_of	FN	CDD
3	3	3	quantified_form_of	PSN	CD
3	3	3	quantified_form_of	PSN	CDA
3	3	3	quantified_form_of	PSN	CDC
3	3	3	quantified_form_of	PSN	CDD
3	3	3	quantified_form_of	PT	CD
3	3	3	quantified_form_of	PT	CDA
3	3	3	quantified_form_of	PT	CDC
3	3	3	quantified_form_of	PT	CDD
3	3	3	quantified_form_of	SCD	CD
3	3	3	quantified_form_of	SCD	CDA
3	3	3	quantified_form_of	SCD	CDC
3	3	3	quantified_form_of	SCD	CDD
3	3	3	quantified_form_of	SY	CD
3	3	3	quantified_form_of	SY	CDA
3	3	3	quantified_form_of	SY	CDC
3	3	3	quantified_form_of	SY	CDD
3	3	3	tradename_of	AB	AB
3	3	3	tradename_of	AB	CD
3	3	3	tradename_of	BD	AB
3	3	3	tradename_of	BD	CD
6	3	3	tradename_of	CD	AB
6	3	3	tradename_of	CD	CD
3	3	3	tradename_of	CDA	AB
3	3	3	tradename_of	CDA	CD
3	3	3	tradename_of	CDC	AB
3	3	3	tradename_of	CDC	CD
3	3	3	tradename_of	CDD	AB
3	3	3	tradename_of	CDD	CD
4	3	3	tradename_of	DP	AB
4	3	3	tradename_of	DP	CD
3	3	3	tradename_of	MTH_RXN_CD	AB
3	3	3	tradename_of	MTH_RXN_CD	CD
3	3	3	tradename_of	PSN	AB
3	3	3	tradename_of	PSN	CD
3	3	3	tradename_of	SCD	AB
3	3	3	tradename_of	SCD	CD
3	3	3	tradename_of	SY	AB
3	3	3	tradename_of	SY	CD
6	3	3	tradename_of	TMSY	AB
18	3	2	has_quantified_form	CDA	DP
18	3	2	has_quantified_form	CDC	DP
18	3	2	has_quantified_form	CDD	DP
3	3	1	constitutes	BN	SCDC
6	3	1	has_quantified_form	TMSY	BD
3	3	1	inverse_isa	BN	SBDFP
3	3	1	inverse_isa	BN	TMSY
4	2	4	inverse_isa	BN	SBDG
4	2	4	inverse_isa	SBDF	SBDG
4	2	4	inverse_isa	SCDF	TMSY
4	2	4	inverse_isa	TMSY	SBDG
4	2	4	inverse_isa	TMSY	SCDG
4	2	4	isa	SY	FN
4	2	4	isa	SY	PT
15	2	2	contains	BD	BD
6	2	2	contains	BD	BPCK
6	2	2	contains	BD	DP
6	2	2	contains	BD	PSN
5	2	2	contains	DP	BD
2	2	2	contains	DP	BPCK
2	2	2	contains	DP	DP
2	2	2	contains	DP	PSN
2	2	2	contains	DP	SY
2	2	2	contains	DP	TMSY
5	2	2	contains	PSN	BD
2	2	2	contains	PSN	BPCK
2	2	2	contains	PSN	DP
2	2	2	contains	PSN	PSN
5	2	2	contains	SBD	BD
2	2	2	contains	SBD	BPCK
2	2	2	contains	SBD	DP
2	2	2	contains	SBD	PSN
2	2	2	contains	SBD	SY
2	2	2	contains	SBD	TMSY
10	2	2	contains	SY	BD
4	2	2	contains	SY	BPCK
4	2	2	contains	SY	DP
4	2	2	contains	SY	PSN
5	2	2	contains	TMSY	BD
2	2	2	contains	TMSY	BPCK
2	2	2	contains	TMSY	DP
2	2	2	contains	TMSY	PSN
2	2	2	doseformgroup_of	GN	DFG
2	2	2	form_of	BN	SBDFP
2	2	2	form_of	BN	TMSY
2	2	2	has_quantified_form	FN	SY
2	2	2	has_quantified_form	PT	SY
4	2	2	has_tradename	DP	TMSY
4	2	2	has_tradename	PSN	TMSY
2	2	2	has_tradename	SBDF	SCDF
6	2	2	has_tradename	TMSY	AB
4	2	2	has_tradename	TMSY	PSN
2	2	2	has_tradename	TMSY	SCDGP
4	2	2	has_tradename	TMSY	SY
4	2	2	ingredient_of	GN	FN
5	2	2	ingredient_of	GN	FSY
2	2	2	ingredient_of	GN	GN
2	2	2	ingredient_of	GN	IN
4	2	2	ingredient_of	GN	PT
2	2	2	ingredient_of	GN	SU
14	2	2	ingredient_of	GN	SY
5	2	2	isa	BN	BD
2	2	2	isa	BN	SBD
2	2	2	isa	BN	SY
4	2	2	isa	BN	TMSY
2	2	2	isa	SCDF	MTH_RXN_CDC
2	2	2	isa	SY	DP
4	2	2	isa	TMSY	MTH_RXN_BD
8	2	2	isa	TMSY	MTH_RXN_CD
5	2	2	quantified_form_of	BD	CD
6	2	2	quantified_form_of	DP	CD
2	2	2	tradename_of	AB	BPCK
4	2	2	tradename_of	CD	BPCK
2	2	2	tradename_of	CDA	BPCK
2	2	2	tradename_of	CDC	BPCK
2	2	2	tradename_of	CDD	BPCK
2	2	2	tradename_of	GN	SBDG
5	2	2	tradename_of	GPCK	BD
2	2	2	tradename_of	GPCK	BPCK
2	2	2	tradename_of	GPCK	DP
2	2	2	tradename_of	GPCK	PSN
2	2	2	tradename_of	GPCK	SY
2	2	2	tradename_of	GPCK	TMSY
12	2	2	tradename_of	MTH_RXN_DP	BD
2	2	2	tradename_of	PSN	BPCK
2	2	2	tradename_of	SCDG	TMSY
2	2	2	tradename_of	SY	BPCK
4	2	2	tradename_of	TMSY	BPCK
2	2	1	dose_form_of	GPCK	DF
6	2	1	has_quantified_form	MTH_RXN_DP	SBD
6	2	1	has_quantified_form	SBD	DP
6	2	1	ingredient_of	MTH_RXN_DP	BN
2	2	1	ingredient_of	SBDG	IN
2	2	1	ingredient_of	SBDG	TMSY
2	2	1	ingredient_of	SCDG	SYGB
6	2	1	inverse_isa	MTH_RXN_DP	SBDFP
11	1	11	isa	GN	TMSY
10	1	10	isa	GN	SCD
4	1	4	isa	GN	FN
4	1	4	isa	GN	PT
6	1	3	ingredient_of	CDA	FN
3	1	3	ingredient_of	CDA	GN
4	1	3	ingredient_of	CDA	IN
6	1	3	ingredient_of	CDA	PT
3	1	3	ingredient_of	CDA	SU
18	1	3	ingredient_of	CDA	SY
6	1	3	ingredient_of	CDC	FN
3	1	3	ingredient_of	CDC	GN
4	1	3	ingredient_of	CDC	IN
6	1	3	ingredient_of	CDC	PT
3	1	3	ingredient_of	CDC	SU
18	1	3	ingredient_of	CDC	SY
6	1	3	ingredient_of	CDD	FN
3	1	3	ingredient_of	CDD	GN
4	1	3	ingredient_of	CDD	IN
6	1	3	ingredient_of	CDD	PT
3	1	3	ingredient_of	CDD	SU
18	1	3	ingredient_of	CDD	SY
2	1	2	consists_of	SCDC	MTH_RXN_CDC
2	1	2	consists_of	TMSY	MTH_RXN_BD
4	1	2	consists_of	TMSY	MTH_RXN_CD
3	1	2	ingredient_of	CDA	BN
17	1	2	ingredient_of	CDA	FSY
3	1	2	ingredient_of	CDC	BN
17	1	2	ingredient_of	CDC	FSY
3	1	2	ingredient_of	CDD	BN
17	1	2	ingredient_of	CDD	FSY
2	1	2	isa	FN	MTH_RXN_CDC
2	1	2	isa	PT	MTH_RXN_CDC
2	1	2	isa	SCDG	MTH_RXN_CDC
1	1	1	contains	AB	GPCK
1	1	1	contains	AB	SY
1	1	1	contains	AB	TMSY
8	1	1	contains	BD	GPCK
4	1	1	contains	CD	GPCK
4	1	1	contains	CD	SY
4	1	1	contains	CD	TMSY
1	1	1	contains	CDA	GPCK
1	1	1	contains	CDA	SY
1	1	1	contains	CDA	TMSY
1	1	1	contains	CDC	GPCK
1	1	1	contains	CDC	SY
1	1	1	contains	CDC	TMSY
1	1	1	contains	CDD	GPCK
1	1	1	contains	CDD	SY
1	1	1	contains	CDD	TMSY
1	1	1	contains	FN	GPCK
1	1	1	contains	FN	SY
1	1	1	contains	FN	TMSY
1	1	1	contains	PSN	GPCK
1	1	1	contains	PT	GPCK
1	1	1	contains	PT	SY
1	1	1	contains	PT	TMSY
1	1	1	contains	SCD	GPCK
1	1	1	contains	SCD	SY
1	1	1	contains	SCD	TMSY
2	1	1	contains	SY	GPCK
2	1	1	contains	TMSY	GPCK
1	1	1	dose_form_of	SBDF	SY
1	1	1	dose_form_of	SCDF	SY
1	1	1	form_of	CDA	CD
1	1	1	form_of	CDA	SCDFP
1	1	1	form_of	CDC	CD
1	1	1	form_of	CDC	SCDFP
1	1	1	form_of	CDD	CD
1	1	1	form_of	CDD	SCDFP
1	1	1	form_of	GN	SCDGP
1	1	1	form_of	SCDF	CDA
1	1	1	form_of	SCDF	CDC
1	1	1	form_of	SCDF	CDD
1	1	1	has_quantified_form	AB	DP
3	1	1	has_tradename	BD	MTH_RXN_BD
6	1	1	has_tradename	BD	MTH_RXN_CD
1	1	1	has_tradename	DP	BD
4	1	1	has_tradename	DP	DP
1	1	1	has_tradename	PSN	MTH_RXN_BD
2	1	1	has_tradename	PSN	MTH_RXN_CD
1	1	1	has_tradename	SBD	MTH_RXN_BD
2	1	1	has_tradename	SBD	MTH_RXN_CD
1	1	1	has_tradename	SBDG	FN
1	1	1	has_tradename	SBDG	PT
3	1	1	has_tradename	SY	MTH_RXN_BD
6	1	1	has_tradename	SY	MTH_RXN_CD
4	1	1	has_tradename	TMSY	BD
3	1	1	ingredient_of	BD	IN
1	1	1	ingredient_of	CD	MS
1	1	1	ingredient_of	FN	SYGB
1	1	1	ingredient_of	GN	BN
1	1	1	ingredient_of	GN	TMSY
1	1	1	ingredient_of	PSN	IN
1	1	1	ingredient_of	PT	SYGB
1	1	1	ingredient_of	SBD	IN
1	1	1	ingredient_of	SBDC	IN
1	1	1	ingredient_of	SBDF	IN
1	1	1	ingredient_of	SBDF	TMSY
1	1	1	ingredient_of	SCDF	MS
1	1	1	ingredient_of	SCDF	SYGB
1	1	1	inverse_isa	AB	CDA
1	1	1	inverse_isa	AB	CDC
1	1	1	inverse_isa	AB	CDD
1	1	1	inverse_isa	AB	FN
1	1	1	inverse_isa	AB	PT
1	1	1	inverse_isa	AB	SCDF
1	1	1	inverse_isa	AB	SCDG
2	1	1	inverse_isa	BD	CDA
2	1	1	inverse_isa	BD	CDC
2	1	1	inverse_isa	BD	CDD
4	1	1	inverse_isa	CD	CDA
4	1	1	inverse_isa	CD	CDC
4	1	1	inverse_isa	CD	CDD
2	1	1	inverse_isa	CD	FN
2	1	1	inverse_isa	CD	PT
2	1	1	inverse_isa	CD	SCDF
1	1	1	inverse_isa	CDA	CDA
1	1	1	inverse_isa	CDA	CDC
1	1	1	inverse_isa	CDA	CDD
1	1	1	inverse_isa	CDA	FN
1	1	1	inverse_isa	CDA	PT
1	1	1	inverse_isa	CDA	SCDF
1	1	1	inverse_isa	CDA	SCDG
1	1	1	inverse_isa	CDC	CDA
1	1	1	inverse_isa	CDC	CDC
1	1	1	inverse_isa	CDC	CDD
1	1	1	inverse_isa	CDC	FN
1	1	1	inverse_isa	CDC	PT
1	1	1	inverse_isa	CDC	SCDF
1	1	1	inverse_isa	CDC	SCDG
1	1	1	inverse_isa	CDD	CDA
1	1	1	inverse_isa	CDD	CDC
1	1	1	inverse_isa	CDD	CDD
1	1	1	inverse_isa	CDD	FN
1	1	1	inverse_isa	CDD	PT
1	1	1	inverse_isa	CDD	SCDF
1	1	1	inverse_isa	CDD	SCDG
1	1	1	inverse_isa	FN	CDA
1	1	1	inverse_isa	FN	CDC
1	1	1	inverse_isa	FN	CDD
1	1	1	inverse_isa	FN	FN
1	1	1	inverse_isa	FN	PT
1	1	1	inverse_isa	FN	SCDF
1	1	1	inverse_isa	FN	SCDG
1	1	1	inverse_isa	PSN	CDA
1	1	1	inverse_isa	PSN	CDC
1	1	1	inverse_isa	PSN	CDD
1	1	1	inverse_isa	PSN	FN
1	1	1	inverse_isa	PSN	PT
1	1	1	inverse_isa	PSN	SCDF
1	1	1	inverse_isa	PSN	SCDG
1	1	1	inverse_isa	PT	CDA
1	1	1	inverse_isa	PT	CDC
1	1	1	inverse_isa	PT	CDD
1	1	1	inverse_isa	PT	FN
1	1	1	inverse_isa	PT	PT
1	1	1	inverse_isa	PT	SCDF
1	1	1	inverse_isa	PT	SCDG
1	1	1	inverse_isa	SCD	CDA
1	1	1	inverse_isa	SCD	CDC
1	1	1	inverse_isa	SCD	CDD
1	1	1	inverse_isa	SCD	FN
1	1	1	inverse_isa	SCD	PT
1	1	1	inverse_isa	SCD	SCDF
1	1	1	inverse_isa	SCD	SCDG
1	1	1	inverse_isa	SY	CDA
1	1	1	inverse_isa	SY	CDC
1	1	1	inverse_isa	SY	CDD
1	1	1	inverse_isa	SY	FN
1	1	1	inverse_isa	SY	PT
1	1	1	inverse_isa	SY	SCDF
1	1	1	inverse_isa	SY	SCDG
1	1	1	isa	GN	CD
1	1	1	isa	GN	PSN
1	1	1	isa	GN	SCDF
1	1	1	tradename_of	CDA	SBDF
1	1	1	tradename_of	CDC	SBDF
1	1	1	tradename_of	CDD	SBDF
1	1	1	tradename_of	SCDG	CD
