1175126	SBDG	has_tradename	1155598	SCDG	acetaminophen / codeine Oral Product
1175126	SBDG	has_tradename	1155598	PT	Acetaminophen- and codeine-containing product in oral dose form
1175126	SBDG	has_tradename	1155598	SY	Codeine- and paracetamol-containing product in oral dose form
1175126	SBDG	has_tradename	1155598	FN	Product containing codeine and paracetamol in oral dose form (medicinal product form)
1175129	SBDG	has_tradename	1155599	SCDG	acetaminophen / codeine Pill
1173594	SBDG	has_tradename	1158553	SCDG	guaifenesin / hydrocodone / phenylephrine Oral Liquid Product
1173594	SBDG	has_tradename	1158553	TMSY	guaiFENesin / HYDROcodone / phenylephrine Oral Liquid Product
1173595	SBDG	has_tradename	1158554	SCDG	guaifenesin / hydrocodone / phenylephrine Oral Product
1173595	SBDG	has_tradename	1158554	TMSY	guaiFENesin / HYDROcodone / phenylephrine Oral Product
851961	BN	has_tradename	161	SY	4-(Acetylamino)phenol
851961	BN	has_tradename	161	SY	4-acetamidophenol
851961	BN	has_tradename	161	SY	4'-hydroxyacetanilide
851961	BN	has_tradename	161	SY	Acenol
851961	BN	has_tradename	161	FSY	Acetaminofén
851961	BN	has_tradename	161	BN	Acetaminophen
851961	BN	has_tradename	161	GN	acetaminophen
851961	BN	has_tradename	161	IN	Acetaminophen
851961	BN	has_tradename	161	PT	Acetaminophen
851961	BN	has_tradename	161	SU	ACETAMINOPHEN
851961	BN	has_tradename	161	PT	Acetaminophen-containing product
851961	BN	has_tradename	161	SY	APAP
851961	BN	has_tradename	161	BN	APAP (obsolete)
851961	BN	has_tradename	161	SY	N-acetyl-p-aminophenol
851961	BN	has_tradename	161	SY	p-acetamidophenol
851961	BN	has_tradename	161	SY	p-acetaminophenol
851961	BN	has_tradename	161	SY	p-Acetylaminophenol
851961	BN	has_tradename	161	SY	p-hydroxy-acetanilid
851961	BN	has_tradename	161	SY	p-hydroxyacetanilide
851961	BN	has_tradename	161	BN	Paracetamol
851961	BN	has_tradename	161	FSY	Paracétamol
851961	BN	has_tradename	161	IN	paracetamol
851961	BN	has_tradename	161	SY	Paracetamol
851961	BN	has_tradename	161	FN	Paracetamol (substance)
851961	BN	has_tradename	161	SY	Paracetamol-containing product
851961	BN	has_tradename	161	FSY	Paracetamolum
851961	BN	has_tradename	161	FN	Product containing paracetamol (medicinal product)
2657383	SBDFP	has_tradename	2649076	SCDFP	acetaminophen / codeine phosphate Oral Tablet
2657383	SBDFP	has_tradename	2649076	CD	Acetaminophen and Codeine Phosphate Tablets
1175129	SBDG	has_tradename	2659145	SCDGP	acetaminophen / codeine phosphate Pill
1173595	SBDG	has_tradename	2659322	SCDGP	guaifenesin / hydrocodone bitartrate / phenylephrine hydrochloride Oral Product
1173595	SBDG	has_tradename	2659322	TMSY	guaiFENesin / HYDROcodone bitartrate / phenylephrine hydrochloride Oral Product
1175126	SBDG	has_tradename	2662072	SCDGP	acetaminophen / codeine phosphate Oral Product
1173594	SBDG	has_tradename	2662181	SCDGP	guaifenesin / hydrocodone bitartrate / phenylephrine hydrochloride Oral Liquid Product
1173594	SBDG	has_tradename	2662181	TMSY	guaiFENesin / HYDROcodone bitartrate / phenylephrine hydrochloride Oral Liquid Product
851961	BN	has_tradename	2670	SY	(-)-Codeine
851961	BN	has_tradename	2670	SY	(5alpha,6alpha)-7,8-Didehydro-4,5-epoxy-3-methoxy-17-methylmorphinan-6-ol
851961	BN	has_tradename	2670	SY	7,8-didehydro-4,5α-epoxy-3-methoxy-17-methylmorphinan-6α-ol
851961	BN	has_tradename	2670	FSY	Codein
851961	BN	has_tradename	2670	FSY	Codeína
851961	BN	has_tradename	2670	FSY	Codéine
851961	BN	has_tradename	2670	GN	codeine
851961	BN	has_tradename	2670	IN	Codeine
851961	BN	has_tradename	2670	PT	Codeine
851961	BN	has_tradename	2670	SU	CODEINE
851961	BN	has_tradename	2670	FN	Codeine (substance)
851961	BN	has_tradename	2670	PT	Codeine-containing product
851961	BN	has_tradename	2670	SY	Codeinum
851961	BN	has_tradename	2670	SY	L-Codeine
851961	BN	has_tradename	2670	SY	Methyl morphine
851961	BN	has_tradename	2670	SY	Methylmorphine
851961	BN	has_tradename	2670	SY	morphine 3-methyl ether
851961	BN	has_tradename	2670	SY	Morphine monomethyl ether
851961	BN	has_tradename	2670	SY	morphine-3-methyl ether
851961	BN	has_tradename	2670	SY	O3-Methylmorphine
851961	BN	has_tradename	2670	FN	Product containing codeine (medicinal product)
1012158	SBDC	has_tradename	315268	SCDC	acetaminophen 650 MG
1012162	SBDC	has_tradename	315268	SCDC	acetaminophen 650 MG
573815	SBDC	has_tradename	353416	SCDC	belladonna extract, USP 16.2 MG
573817	SBDC	has_tradename	353416	SCDC	belladonna extract, USP 16.2 MG
1012163	SBDF	has_tradename	370754	SCDF	acetaminophen / codeine Oral Tablet
215477	BN	has_tradename	5032	SY	Alpha-glyceryl guaiacol ether
215477	BN	has_tradename	5032	SY	Glyceryl guaiacolate
215477	BN	has_tradename	5032	SY	Guaianesin
215477	BN	has_tradename	5032	BN	GuaiFENesin
215477	BN	has_tradename	5032	GN	guaiFENesin
215477	BN	has_tradename	5032	IN	Guaifenesin
215477	BN	has_tradename	5032	PT	Guaifenesin
215477	BN	has_tradename	5032	SU	Guaifenesin
215477	BN	has_tradename	5032	TMSY	guaiFENesin
215477	BN	has_tradename	5032	FN	Guaifenesin (substance)
215477	BN	has_tradename	5032	PT	Guaifenesin-containing product
215477	BN	has_tradename	5032	FSY	Guaifenesina
215477	BN	has_tradename	5032	SY	Guaiphenesin
215477	BN	has_tradename	5032	FN	Product containing guaifenesin (medicinal product)
215477	BN	has_tradename	5489	SY	(-)-Dihydrocodeinone
215477	BN	has_tradename	5489	SY	4,5-alpha-Epoxy-3-methoxy-17-methylmorphinan-6-one
215477	BN	has_tradename	5489	SY	Dihydrocodeinone
215477	BN	has_tradename	5489	FSY	Hidrocodona
215477	BN	has_tradename	5489	SY	Hydrocodon
215477	BN	has_tradename	5489	GN	HYDROcodone
215477	BN	has_tradename	5489	IN	Hydrocodone
215477	BN	has_tradename	5489	PT	Hydrocodone
215477	BN	has_tradename	5489	SU	HYDROCODONE
215477	BN	has_tradename	5489	TMSY	HYDROcodone
215477	BN	has_tradename	5489	FN	Hydrocodone (substance)
215477	BN	has_tradename	5489	PT	Hydrocodone-containing product
215477	BN	has_tradename	5489	FSY	Hydrocodonum
215477	BN	has_tradename	5489	SY	Hydrocone
215477	BN	has_tradename	5489	SY	Hydroconum
215477	BN	has_tradename	5489	SY	Idrocodone
215477	BN	has_tradename	5489	FN	Product containing hydrocodone (medicinal product)
643147	BN	has_tradename	7814	SY	(14S)-14-Hydroxydihydromorphinone
643147	BN	has_tradename	7814	SY	14-Hydroxydihydromorphinone
643147	BN	has_tradename	7814	SY	Dihydrohydroxymorphinone
643147	BN	has_tradename	7814	SY	Dihydroxymorphinone
643147	BN	has_tradename	7814	FSY	Oximorfona
643147	BN	has_tradename	7814	SY	Oximorphonum
643147	BN	has_tradename	7814	GN	oxyMORphone
643147	BN	has_tradename	7814	IN	Oxymorphone
643147	BN	has_tradename	7814	PT	Oxymorphone
643147	BN	has_tradename	7814	SU	OXYMORPHONE
643147	BN	has_tradename	7814	TMSY	oxyMORphone
643147	BN	has_tradename	7814	FN	Oxymorphone (substance)
643147	BN	has_tradename	7814	PT	Oxymorphone-containing product
643147	BN	has_tradename	7814	FSY	Oxymorphonum
643147	BN	has_tradename	7814	FN	Product containing oxymorphone (medicinal product)
215477	BN	has_tradename	8163	SY	(-)-m-hydroxy-α-(methylaminomethyl)benzyl alcohol
215477	BN	has_tradename	8163	FSY	Fenilefrina
215477	BN	has_tradename	8163	SY	l-(3-Hydroxyphenyl)-N-methylethanolamine
215477	BN	has_tradename	8163	GN	phenylephrine
215477	BN	has_tradename	8163	IN	Phenylephrine
215477	BN	has_tradename	8163	PT	Phenylephrine
215477	BN	has_tradename	8163	SU	PHENYLEPHRINE
215477	BN	has_tradename	8163	FN	Phenylephrine (substance)
215477	BN	has_tradename	8163	PT	Phenylephrine-containing product
215477	BN	has_tradename	8163	FSY	Phenylephrinum
215477	BN	has_tradename	8163	FN	Product containing phenylephrine (medicinal product)
215477	BN	has_tradename	8163	SY	R(-)-Phenylephrine
860428	BD	has_tradename	860426	SY	guaifenesin 20 MG/ML / hydrocodone bitartrate 0.4 MG/ML / phenylephrine HCl 2 MG/ML Oral Solution
860428	BD	has_tradename	860426	TMSY	guaiFENesin 20 MG/ML / HYDROcodone bitartrate 0.4 MG/ML / phenylephrine HCl 2 MG/ML Oral Solution
860428	SBD	has_tradename	860426	SY	guaifenesin 20 MG/ML / hydrocodone bitartrate 0.4 MG/ML / phenylephrine HCl 2 MG/ML Oral Solution
860428	SBD	has_tradename	860426	TMSY	guaiFENesin 20 MG/ML / HYDROcodone bitartrate 0.4 MG/ML / phenylephrine HCl 2 MG/ML Oral Solution
860428	SY	has_tradename	860426	SY	guaifenesin 20 MG/ML / hydrocodone bitartrate 0.4 MG/ML / phenylephrine HCl 2 MG/ML Oral Solution
860428	SY	has_tradename	860426	TMSY	guaiFENesin 20 MG/ML / HYDROcodone bitartrate 0.4 MG/ML / phenylephrine HCl 2 MG/ML Oral Solution
860428	TMSY	has_tradename	860426	SY	guaifenesin 20 MG/ML / hydrocodone bitartrate 0.4 MG/ML / phenylephrine HCl 2 MG/ML Oral Solution
860428	TMSY	has_tradename	860426	TMSY	guaiFENesin 20 MG/ML / HYDROcodone bitartrate 0.4 MG/ML / phenylephrine HCl 2 MG/ML Oral Solution
860428	BD	has_tradename	860426	SCD	guaifenesin 20 MG/ML / hydrocodone bitartrate 0.4 MG/ML / phenylephrine hydrochloride 2 MG/ML Oral Solution
860428	BD	has_tradename	860426	TMSY	guaiFENesin 20 MG/ML / HYDROcodone bitartrate 0.4 MG/ML / phenylephrine hydrochloride 2 MG/ML Oral Solution
860428	SBD	has_tradename	860426	SCD	guaifenesin 20 MG/ML / hydrocodone bitartrate 0.4 MG/ML / phenylephrine hydrochloride 2 MG/ML Oral Solution
860428	SBD	has_tradename	860426	TMSY	guaiFENesin 20 MG/ML / HYDROcodone bitartrate 0.4 MG/ML / phenylephrine hydrochloride 2 MG/ML Oral Solution
860428	SY	has_tradename	860426	SCD	guaifenesin 20 MG/ML / hydrocodone bitartrate 0.4 MG/ML / phenylephrine hydrochloride 2 MG/ML Oral Solution
860428	SY	has_tradename	860426	TMSY	guaiFENesin 20 MG/ML / HYDROcodone bitartrate 0.4 MG/ML / phenylephrine hydrochloride 2 MG/ML Oral Solution
860428	TMSY	has_tradename	860426	SCD	guaifenesin 20 MG/ML / hydrocodone bitartrate 0.4 MG/ML / phenylephrine hydrochloride 2 MG/ML Oral Solution
860428	TMSY	has_tradename	860426	TMSY	guaiFENesin 20 MG/ML / HYDROcodone bitartrate 0.4 MG/ML / phenylephrine hydrochloride 2 MG/ML Oral Solution
860428	BD	has_tradename	860426	CD	Guaifenesin/Hydrocodone Bitartrate/Phenylephrine Hydrochloride 100 MG/5 ML-2 MG/5 ML-10 MG/5 ML Oral Solution
860428	SBD	has_tradename	860426	CD	Guaifenesin/Hydrocodone Bitartrate/Phenylephrine Hydrochloride 100 MG/5 ML-2 MG/5 ML-10 MG/5 ML Oral Solution
860428	SY	has_tradename	860426	CD	Guaifenesin/Hydrocodone Bitartrate/Phenylephrine Hydrochloride 100 MG/5 ML-2 MG/5 ML-10 MG/5 ML Oral Solution
860428	TMSY	has_tradename	860426	CD	Guaifenesin/Hydrocodone Bitartrate/Phenylephrine Hydrochloride 100 MG/5 ML-2 MG/5 ML-10 MG/5 ML Oral Solution
860428	BD	has_tradename	860426	CD	Guaifenesin/Hydrocodone Bitartrate/Phenylephrine Hydrochloride 100 MG/5 ML-2 MG/5 ML-10 MG/5 ML Oral Syrup
860428	SBD	has_tradename	860426	CD	Guaifenesin/Hydrocodone Bitartrate/Phenylephrine Hydrochloride 100 MG/5 ML-2 MG/5 ML-10 MG/5 ML Oral Syrup
860428	SY	has_tradename	860426	CD	Guaifenesin/Hydrocodone Bitartrate/Phenylephrine Hydrochloride 100 MG/5 ML-2 MG/5 ML-10 MG/5 ML Oral Syrup
860428	TMSY	has_tradename	860426	CD	Guaifenesin/Hydrocodone Bitartrate/Phenylephrine Hydrochloride 100 MG/5 ML-2 MG/5 ML-10 MG/5 ML Oral Syrup
860428	BD	has_tradename	860426	CD	guaifenesin/hydrocodone/phenylephrine 100 mg-2 mg-10 mg/5 mL oral syrup
860428	SBD	has_tradename	860426	CD	guaifenesin/hydrocodone/phenylephrine 100 mg-2 mg-10 mg/5 mL oral syrup
860428	SY	has_tradename	860426	CD	guaifenesin/hydrocodone/phenylephrine 100 mg-2 mg-10 mg/5 mL oral syrup
860428	TMSY	has_tradename	860426	CD	guaifenesin/hydrocodone/phenylephrine 100 mg-2 mg-10 mg/5 mL oral syrup
860428	BD	has_tradename	860426	BD	Guaifenesin/Hydrocodone/Phenylephrine, 100 mg-2 mg-10 mg/5 mL oral syrup
860428	SBD	has_tradename	860426	BD	Guaifenesin/Hydrocodone/Phenylephrine, 100 mg-2 mg-10 mg/5 mL oral syrup
860428	SY	has_tradename	860426	BD	Guaifenesin/Hydrocodone/Phenylephrine, 100 mg-2 mg-10 mg/5 mL oral syrup
860428	TMSY	has_tradename	860426	BD	Guaifenesin/Hydrocodone/Phenylephrine, 100 mg-2 mg-10 mg/5 mL oral syrup
860428	BD	has_tradename	860426	CDC	guaifenesin/phenylephrine HCl/hydrocodone 100 mg-10 mg-2 mg/5 mL ORAL SYRUP
860428	SBD	has_tradename	860426	CDC	guaifenesin/phenylephrine HCl/hydrocodone 100 mg-10 mg-2 mg/5 mL ORAL SYRUP
860428	SY	has_tradename	860426	CDC	guaifenesin/phenylephrine HCl/hydrocodone 100 mg-10 mg-2 mg/5 mL ORAL SYRUP
860428	TMSY	has_tradename	860426	CDC	guaifenesin/phenylephrine HCl/hydrocodone 100 mg-10 mg-2 mg/5 mL ORAL SYRUP
860428	BD	has_tradename	860426	CDD	guaifenesin/phenylephrine HCl/hydrocodone@100 mg-10 mg-2 mg/5 mL@ORAL@SYRUP
860428	SBD	has_tradename	860426	CDD	guaifenesin/phenylephrine HCl/hydrocodone@100 mg-10 mg-2 mg/5 mL@ORAL@SYRUP
860428	SY	has_tradename	860426	CDD	guaifenesin/phenylephrine HCl/hydrocodone@100 mg-10 mg-2 mg/5 mL@ORAL@SYRUP
860428	TMSY	has_tradename	860426	CDD	guaifenesin/phenylephrine HCl/hydrocodone@100 mg-10 mg-2 mg/5 mL@ORAL@SYRUP
860428	BD	has_tradename	860426	CDA	guaifenesin/phenylephrine/hcod 100 mg-10 mg-2 mg/5 mL ORAL SYRUP
860428	SBD	has_tradename	860426	CDA	guaifenesin/phenylephrine/hcod 100 mg-10 mg-2 mg/5 mL ORAL SYRUP
860428	SY	has_tradename	860426	CDA	guaifenesin/phenylephrine/hcod 100 mg-10 mg-2 mg/5 mL ORAL SYRUP
860428	TMSY	has_tradename	860426	CDA	guaifenesin/phenylephrine/hcod 100 mg-10 mg-2 mg/5 mL ORAL SYRUP
977876	BD	has_tradename	977874	SCD	12 HR oxymorphone hydrochloride 10 MG Extended Release Oral Tablet
977876	BD	has_tradename	977874	TMSY	12 HR oxyMORphone hydrochloride 10 MG Extended Release Oral Tablet
977876	DP	has_tradename	977874	SCD	12 HR oxymorphone hydrochloride 10 MG Extended Release Oral Tablet
977876	DP	has_tradename	977874	TMSY	12 HR oxyMORphone hydrochloride 10 MG Extended Release Oral Tablet
977876	PSN	has_tradename	977874	SCD	12 HR oxymorphone hydrochloride 10 MG Extended Release Oral Tablet
977876	PSN	has_tradename	977874	TMSY	12 HR oxyMORphone hydrochloride 10 MG Extended Release Oral Tablet
977876	SBD	has_tradename	977874	SCD	12 HR oxymorphone hydrochloride 10 MG Extended Release Oral Tablet
977876	SBD	has_tradename	977874	TMSY	12 HR oxyMORphone hydrochloride 10 MG Extended Release Oral Tablet
977876	SY	has_tradename	977874	SCD	12 HR oxymorphone hydrochloride 10 MG Extended Release Oral Tablet
977876	SY	has_tradename	977874	TMSY	12 HR oxyMORphone hydrochloride 10 MG Extended Release Oral Tablet
977876	TMSY	has_tradename	977874	SCD	12 HR oxymorphone hydrochloride 10 MG Extended Release Oral Tablet
977876	TMSY	has_tradename	977874	TMSY	12 HR oxyMORphone hydrochloride 10 MG Extended Release Oral Tablet
977876	BD	has_tradename	977874	CD	oxyMORphone 10 mg oral tablet, extended release
977876	DP	has_tradename	977874	CD	oxyMORphone 10 mg oral tablet, extended release
977876	PSN	has_tradename	977874	CD	oxyMORphone 10 mg oral tablet, extended release
977876	SBD	has_tradename	977874	CD	oxyMORphone 10 mg oral tablet, extended release
977876	SY	has_tradename	977874	CD	oxyMORphone 10 mg oral tablet, extended release
977876	TMSY	has_tradename	977874	CD	oxyMORphone 10 mg oral tablet, extended release
977876	BD	has_tradename	977874	PSN	oxyMORphone HCl 10 MG 12HR Extended Release Oral Tablet
977876	DP	has_tradename	977874	PSN	oxyMORphone HCl 10 MG 12HR Extended Release Oral Tablet
977876	PSN	has_tradename	977874	PSN	oxyMORphone HCl 10 MG 12HR Extended Release Oral Tablet
977876	SBD	has_tradename	977874	PSN	oxyMORphone HCl 10 MG 12HR Extended Release Oral Tablet
977876	SY	has_tradename	977874	PSN	oxyMORphone HCl 10 MG 12HR Extended Release Oral Tablet
977876	TMSY	has_tradename	977874	PSN	oxyMORphone HCl 10 MG 12HR Extended Release Oral Tablet
977876	BD	has_tradename	977874	CDA	oxymorphone HCl 10 mg ORAL TABLET, EXTENDED RELEASE 12 HR
977876	BD	has_tradename	977874	CDC	oxymorphone HCl 10 mg ORAL TABLET, EXTENDED RELEASE 12 HR
977876	DP	has_tradename	977874	CDA	oxymorphone HCl 10 mg ORAL TABLET, EXTENDED RELEASE 12 HR
977876	DP	has_tradename	977874	CDC	oxymorphone HCl 10 mg ORAL TABLET, EXTENDED RELEASE 12 HR
977876	PSN	has_tradename	977874	CDA	oxymorphone HCl 10 mg ORAL TABLET, EXTENDED RELEASE 12 HR
977876	PSN	has_tradename	977874	CDC	oxymorphone HCl 10 mg ORAL TABLET, EXTENDED RELEASE 12 HR
977876	SBD	has_tradename	977874	CDA	oxymorphone HCl 10 mg ORAL TABLET, EXTENDED RELEASE 12 HR
977876	SBD	has_tradename	977874	CDC	oxymorphone HCl 10 mg ORAL TABLET, EXTENDED RELEASE 12 HR
977876	SY	has_tradename	977874	CDA	oxymorphone HCl 10 mg ORAL TABLET, EXTENDED RELEASE 12 HR
977876	SY	has_tradename	977874	CDC	oxymorphone HCl 10 mg ORAL TABLET, EXTENDED RELEASE 12 HR
977876	TMSY	has_tradename	977874	CDA	oxymorphone HCl 10 mg ORAL TABLET, EXTENDED RELEASE 12 HR
977876	TMSY	has_tradename	977874	CDC	oxymorphone HCl 10 mg ORAL TABLET, EXTENDED RELEASE 12 HR
977876	BD	has_tradename	977874	CDA	oxymorphone HCl 10 mg ORAL TABLET,ORAL ONLY,EXTENDED RELEASE 12 HR
977876	BD	has_tradename	977874	CDC	oxymorphone HCl 10 mg ORAL TABLET,ORAL ONLY,EXTENDED RELEASE 12 HR
977876	DP	has_tradename	977874	CDA	oxymorphone HCl 10 mg ORAL TABLET,ORAL ONLY,EXTENDED RELEASE 12 HR
977876	DP	has_tradename	977874	CDC	oxymorphone HCl 10 mg ORAL TABLET,ORAL ONLY,EXTENDED RELEASE 12 HR
977876	PSN	has_tradename	977874	CDA	oxymorphone HCl 10 mg ORAL TABLET,ORAL ONLY,EXTENDED RELEASE 12 HR
977876	PSN	has_tradename	977874	CDC	oxymorphone HCl 10 mg ORAL TABLET,ORAL ONLY,EXTENDED RELEASE 12 HR
977876	SBD	has_tradename	977874	CDA	oxymorphone HCl 10 mg ORAL TABLET,ORAL ONLY,EXTENDED RELEASE 12 HR
977876	SBD	has_tradename	977874	CDC	oxymorphone HCl 10 mg ORAL TABLET,ORAL ONLY,EXTENDED RELEASE 12 HR
977876	SY	has_tradename	977874	CDA	oxymorphone HCl 10 mg ORAL TABLET,ORAL ONLY,EXTENDED RELEASE 12 HR
977876	SY	has_tradename	977874	CDC	oxymorphone HCl 10 mg ORAL TABLET,ORAL ONLY,EXTENDED RELEASE 12 HR
977876	TMSY	has_tradename	977874	CDA	oxymorphone HCl 10 mg ORAL TABLET,ORAL ONLY,EXTENDED RELEASE 12 HR
977876	TMSY	has_tradename	977874	CDC	oxymorphone HCl 10 mg ORAL TABLET,ORAL ONLY,EXTENDED RELEASE 12 HR
977876	BD	has_tradename	977874	AB	OXYMORPHONE HCL 10MG SA TAB
977876	DP	has_tradename	977874	AB	OXYMORPHONE HCL 10MG SA TAB
977876	PSN	has_tradename	977874	AB	OXYMORPHONE HCL 10MG SA TAB
977876	SBD	has_tradename	977874	AB	OXYMORPHONE HCL 10MG SA TAB
977876	SY	has_tradename	977874	AB	OXYMORPHONE HCL 10MG SA TAB
977876	TMSY	has_tradename	977874	AB	OXYMORPHONE HCL 10MG SA TAB
977876	BD	has_tradename	977874	AB	OXYMORPHONE HCL 10MG SA TAB UD
977876	DP	has_tradename	977874	AB	OXYMORPHONE HCL 10MG SA TAB UD
977876	PSN	has_tradename	977874	AB	OXYMORPHONE HCL 10MG SA TAB UD
977876	SBD	has_tradename	977874	AB	OXYMORPHONE HCL 10MG SA TAB UD
977876	SY	has_tradename	977874	AB	OXYMORPHONE HCL 10MG SA TAB UD
977876	TMSY	has_tradename	977874	AB	OXYMORPHONE HCL 10MG SA TAB UD
977876	BD	has_tradename	977874	CD	OXYMORPHONE HCL 10MG TAB,SA
977876	DP	has_tradename	977874	CD	OXYMORPHONE HCL 10MG TAB,SA
977876	PSN	has_tradename	977874	CD	OXYMORPHONE HCL 10MG TAB,SA
977876	SBD	has_tradename	977874	CD	OXYMORPHONE HCL 10MG TAB,SA
977876	SY	has_tradename	977874	CD	OXYMORPHONE HCL 10MG TAB,SA
977876	TMSY	has_tradename	977874	CD	OXYMORPHONE HCL 10MG TAB,SA
977876	BD	has_tradename	977874	CD	OXYMORPHONE HCL 10MG TAB,SA,UD
977876	DP	has_tradename	977874	CD	OXYMORPHONE HCL 10MG TAB,SA,UD
977876	PSN	has_tradename	977874	CD	OXYMORPHONE HCL 10MG TAB,SA,UD
977876	SBD	has_tradename	977874	CD	OXYMORPHONE HCL 10MG TAB,SA,UD
977876	SY	has_tradename	977874	CD	OXYMORPHONE HCL 10MG TAB,SA,UD
977876	TMSY	has_tradename	977874	CD	OXYMORPHONE HCL 10MG TAB,SA,UD
977876	BD	has_tradename	977874	CDD	oxymorphone HCl@10 mg@ORAL@TABLET, EXTENDED RELEASE 12 HR
977876	DP	has_tradename	977874	CDD	oxymorphone HCl@10 mg@ORAL@TABLET, EXTENDED RELEASE 12 HR
977876	PSN	has_tradename	977874	CDD	oxymorphone HCl@10 mg@ORAL@TABLET, EXTENDED RELEASE 12 HR
977876	SBD	has_tradename	977874	CDD	oxymorphone HCl@10 mg@ORAL@TABLET, EXTENDED RELEASE 12 HR
977876	SY	has_tradename	977874	CDD	oxymorphone HCl@10 mg@ORAL@TABLET, EXTENDED RELEASE 12 HR
977876	TMSY	has_tradename	977874	CDD	oxymorphone HCl@10 mg@ORAL@TABLET, EXTENDED RELEASE 12 HR
977876	BD	has_tradename	977874	CDD	oxymorphone HCl@10 mg@ORAL@TABLET,ORAL ONLY,EXTENDED RELEASE 12 HR
977876	DP	has_tradename	977874	CDD	oxymorphone HCl@10 mg@ORAL@TABLET,ORAL ONLY,EXTENDED RELEASE 12 HR
977876	PSN	has_tradename	977874	CDD	oxymorphone HCl@10 mg@ORAL@TABLET,ORAL ONLY,EXTENDED RELEASE 12 HR
977876	SBD	has_tradename	977874	CDD	oxymorphone HCl@10 mg@ORAL@TABLET,ORAL ONLY,EXTENDED RELEASE 12 HR
977876	SY	has_tradename	977874	CDD	oxymorphone HCl@10 mg@ORAL@TABLET,ORAL ONLY,EXTENDED RELEASE 12 HR
977876	TMSY	has_tradename	977874	CDD	oxymorphone HCl@10 mg@ORAL@TABLET,ORAL ONLY,EXTENDED RELEASE 12 HR
977876	BD	has_tradename	977874	SY	oxymorphone hydrochloride 10 MG 12 HR Extended Release Oral Tablet
977876	BD	has_tradename	977874	TMSY	oxyMORphone hydrochloride 10 MG 12 HR Extended Release Oral Tablet
977876	DP	has_tradename	977874	SY	oxymorphone hydrochloride 10 MG 12 HR Extended Release Oral Tablet
977876	DP	has_tradename	977874	TMSY	oxyMORphone hydrochloride 10 MG 12 HR Extended Release Oral Tablet
977876	PSN	has_tradename	977874	SY	oxymorphone hydrochloride 10 MG 12 HR Extended Release Oral Tablet
977876	PSN	has_tradename	977874	TMSY	oxyMORphone hydrochloride 10 MG 12 HR Extended Release Oral Tablet
977876	SBD	has_tradename	977874	SY	oxymorphone hydrochloride 10 MG 12 HR Extended Release Oral Tablet
977876	SBD	has_tradename	977874	TMSY	oxyMORphone hydrochloride 10 MG 12 HR Extended Release Oral Tablet
977876	SY	has_tradename	977874	SY	oxymorphone hydrochloride 10 MG 12 HR Extended Release Oral Tablet
977876	SY	has_tradename	977874	TMSY	oxyMORphone hydrochloride 10 MG 12 HR Extended Release Oral Tablet
977876	TMSY	has_tradename	977874	SY	oxymorphone hydrochloride 10 MG 12 HR Extended Release Oral Tablet
977876	TMSY	has_tradename	977874	TMSY	oxyMORphone hydrochloride 10 MG 12 HR Extended Release Oral Tablet
977876	BD	has_tradename	977874	CD	Oxymorphone Hydrochloride 10 MG Oral Tablet, Extended Release
977876	DP	has_tradename	977874	CD	Oxymorphone Hydrochloride 10 MG Oral Tablet, Extended Release
977876	PSN	has_tradename	977874	CD	Oxymorphone Hydrochloride 10 MG Oral Tablet, Extended Release
977876	SBD	has_tradename	977874	CD	Oxymorphone Hydrochloride 10 MG Oral Tablet, Extended Release
977876	SY	has_tradename	977874	CD	Oxymorphone Hydrochloride 10 MG Oral Tablet, Extended Release
977876	TMSY	has_tradename	977874	CD	Oxymorphone Hydrochloride 10 MG Oral Tablet, Extended Release
977876	BD	has_tradename	977874	DP	OXYMORPHONE HYDROCHLORIDE 10 mg ORAL TABLET, FILM COATED, EXTENDED RELEASE
977876	DP	has_tradename	977874	DP	OXYMORPHONE HYDROCHLORIDE 10 mg ORAL TABLET, FILM COATED, EXTENDED RELEASE
977876	PSN	has_tradename	977874	DP	OXYMORPHONE HYDROCHLORIDE 10 mg ORAL TABLET, FILM COATED, EXTENDED RELEASE
977876	SBD	has_tradename	977874	DP	OXYMORPHONE HYDROCHLORIDE 10 mg ORAL TABLET, FILM COATED, EXTENDED RELEASE
977876	SY	has_tradename	977874	DP	OXYMORPHONE HYDROCHLORIDE 10 mg ORAL TABLET, FILM COATED, EXTENDED RELEASE
977876	TMSY	has_tradename	977874	DP	OXYMORPHONE HYDROCHLORIDE 10 mg ORAL TABLET, FILM COATED, EXTENDED RELEASE
977876	BD	has_tradename	977874	CD	Oxymorphone Hydrochloride 10mg Oral tablet, extended release
977876	DP	has_tradename	977874	CD	Oxymorphone Hydrochloride 10mg Oral tablet, extended release
977876	PSN	has_tradename	977874	CD	Oxymorphone Hydrochloride 10mg Oral tablet, extended release
977876	SBD	has_tradename	977874	CD	Oxymorphone Hydrochloride 10mg Oral tablet, extended release
977876	SY	has_tradename	977874	CD	Oxymorphone Hydrochloride 10mg Oral tablet, extended release
977876	TMSY	has_tradename	977874	CD	Oxymorphone Hydrochloride 10mg Oral tablet, extended release
977876	BD	has_tradename	977874	BD	Oxymorphone Hydrochloride ER, 10 mg oral tablet, extended release
977876	DP	has_tradename	977874	BD	Oxymorphone Hydrochloride ER, 10 mg oral tablet, extended release
977876	PSN	has_tradename	977874	BD	Oxymorphone Hydrochloride ER, 10 mg oral tablet, extended release
977876	SBD	has_tradename	977874	BD	Oxymorphone Hydrochloride ER, 10 mg oral tablet, extended release
977876	SY	has_tradename	977874	BD	Oxymorphone Hydrochloride ER, 10 mg oral tablet, extended release
977876	TMSY	has_tradename	977874	BD	Oxymorphone Hydrochloride ER, 10 mg oral tablet, extended release
977878	SBD	has_tradename	977877	SCD	oxymorphone hydrochloride 10 MG Extended Release Oral Tablet
977878	SBD	has_tradename	977877	TMSY	oxyMORphone hydrochloride 10 MG Extended Release Oral Tablet
977878	SY	has_tradename	977877	SCD	oxymorphone hydrochloride 10 MG Extended Release Oral Tablet
977878	SY	has_tradename	977877	TMSY	oxyMORphone hydrochloride 10 MG Extended Release Oral Tablet
977878	TMSY	has_tradename	977877	SCD	oxymorphone hydrochloride 10 MG Extended Release Oral Tablet
977878	TMSY	has_tradename	977877	TMSY	oxyMORphone hydrochloride 10 MG Extended Release Oral Tablet
977896	BD	has_tradename	977894	SCD	12 HR oxymorphone hydrochloride 15 MG Extended Release Oral Tablet
977896	BD	has_tradename	977894	TMSY	12 HR oxyMORphone hydrochloride 15 MG Extended Release Oral Tablet
977896	PSN	has_tradename	977894	SCD	12 HR oxymorphone hydrochloride 15 MG Extended Release Oral Tablet
977896	PSN	has_tradename	977894	TMSY	12 HR oxyMORphone hydrochloride 15 MG Extended Release Oral Tablet
977896	SBD	has_tradename	977894	SCD	12 HR oxymorphone hydrochloride 15 MG Extended Release Oral Tablet
977896	SBD	has_tradename	977894	TMSY	12 HR oxyMORphone hydrochloride 15 MG Extended Release Oral Tablet
977896	SY	has_tradename	977894	SCD	12 HR oxymorphone hydrochloride 15 MG Extended Release Oral Tablet
977896	SY	has_tradename	977894	TMSY	12 HR oxyMORphone hydrochloride 15 MG Extended Release Oral Tablet
977896	TMSY	has_tradename	977894	SCD	12 HR oxymorphone hydrochloride 15 MG Extended Release Oral Tablet
977896	TMSY	has_tradename	977894	TMSY	12 HR oxyMORphone hydrochloride 15 MG Extended Release Oral Tablet
977896	BD	has_tradename	977894	CD	oxyMORphone 15 mg oral tablet, extended release
977896	PSN	has_tradename	977894	CD	oxyMORphone 15 mg oral tablet, extended release
977896	SBD	has_tradename	977894	CD	oxyMORphone 15 mg oral tablet, extended release
977896	SY	has_tradename	977894	CD	oxyMORphone 15 mg oral tablet, extended release
977896	TMSY	has_tradename	977894	CD	oxyMORphone 15 mg oral tablet, extended release
977896	BD	has_tradename	977894	PSN	oxyMORphone HCl 15 MG 12HR Extended Release Oral Tablet
977896	PSN	has_tradename	977894	PSN	oxyMORphone HCl 15 MG 12HR Extended Release Oral Tablet
977896	SBD	has_tradename	977894	PSN	oxyMORphone HCl 15 MG 12HR Extended Release Oral Tablet
977896	SY	has_tradename	977894	PSN	oxyMORphone HCl 15 MG 12HR Extended Release Oral Tablet
977896	TMSY	has_tradename	977894	PSN	oxyMORphone HCl 15 MG 12HR Extended Release Oral Tablet
977896	BD	has_tradename	977894	CDA	oxymorphone HCl 15 mg ORAL TABLET, EXTENDED RELEASE 12 HR
977896	BD	has_tradename	977894	CDC	oxymorphone HCl 15 mg ORAL TABLET, EXTENDED RELEASE 12 HR
977896	PSN	has_tradename	977894	CDA	oxymorphone HCl 15 mg ORAL TABLET, EXTENDED RELEASE 12 HR
977896	PSN	has_tradename	977894	CDC	oxymorphone HCl 15 mg ORAL TABLET, EXTENDED RELEASE 12 HR
977896	SBD	has_tradename	977894	CDA	oxymorphone HCl 15 mg ORAL TABLET, EXTENDED RELEASE 12 HR
977896	SBD	has_tradename	977894	CDC	oxymorphone HCl 15 mg ORAL TABLET, EXTENDED RELEASE 12 HR
977896	SY	has_tradename	977894	CDA	oxymorphone HCl 15 mg ORAL TABLET, EXTENDED RELEASE 12 HR
977896	SY	has_tradename	977894	CDC	oxymorphone HCl 15 mg ORAL TABLET, EXTENDED RELEASE 12 HR
977896	TMSY	has_tradename	977894	CDA	oxymorphone HCl 15 mg ORAL TABLET, EXTENDED RELEASE 12 HR
977896	TMSY	has_tradename	977894	CDC	oxymorphone HCl 15 mg ORAL TABLET, EXTENDED RELEASE 12 HR
977896	BD	has_tradename	977894	CDA	oxymorphone HCl 15 mg ORAL TABLET,ORAL ONLY,EXTENDED RELEASE 12 HR
977896	BD	has_tradename	977894	CDC	oxymorphone HCl 15 mg ORAL TABLET,ORAL ONLY,EXTENDED RELEASE 12 HR
977896	PSN	has_tradename	977894	CDA	oxymorphone HCl 15 mg ORAL TABLET,ORAL ONLY,EXTENDED RELEASE 12 HR
977896	PSN	has_tradename	977894	CDC	oxymorphone HCl 15 mg ORAL TABLET,ORAL ONLY,EXTENDED RELEASE 12 HR
977896	SBD	has_tradename	977894	CDA	oxymorphone HCl 15 mg ORAL TABLET,ORAL ONLY,EXTENDED RELEASE 12 HR
977896	SBD	has_tradename	977894	CDC	oxymorphone HCl 15 mg ORAL TABLET,ORAL ONLY,EXTENDED RELEASE 12 HR
977896	SY	has_tradename	977894	CDA	oxymorphone HCl 15 mg ORAL TABLET,ORAL ONLY,EXTENDED RELEASE 12 HR
977896	SY	has_tradename	977894	CDC	oxymorphone HCl 15 mg ORAL TABLET,ORAL ONLY,EXTENDED RELEASE 12 HR
977896	TMSY	has_tradename	977894	CDA	oxymorphone HCl 15 mg ORAL TABLET,ORAL ONLY,EXTENDED RELEASE 12 HR
977896	TMSY	has_tradename	977894	CDC	oxymorphone HCl 15 mg ORAL TABLET,ORAL ONLY,EXTENDED RELEASE 12 HR
977896	BD	has_tradename	977894	AB	OXYMORPHONE HCL 15MG SA TAB
977896	PSN	has_tradename	977894	AB	OXYMORPHONE HCL 15MG SA TAB
977896	SBD	has_tradename	977894	AB	OXYMORPHONE HCL 15MG SA TAB
977896	SY	has_tradename	977894	AB	OXYMORPHONE HCL 15MG SA TAB
977896	TMSY	has_tradename	977894	AB	OXYMORPHONE HCL 15MG SA TAB
977896	BD	has_tradename	977894	AB	OXYMORPHONE HCL 15MG SA TAB UD
977896	PSN	has_tradename	977894	AB	OXYMORPHONE HCL 15MG SA TAB UD
977896	SBD	has_tradename	977894	AB	OXYMORPHONE HCL 15MG SA TAB UD
977896	SY	has_tradename	977894	AB	OXYMORPHONE HCL 15MG SA TAB UD
977896	TMSY	has_tradename	977894	AB	OXYMORPHONE HCL 15MG SA TAB UD
977896	BD	has_tradename	977894	CD	OXYMORPHONE HCL 15MG TAB,SA
977896	PSN	has_tradename	977894	CD	OXYMORPHONE HCL 15MG TAB,SA
977896	SBD	has_tradename	977894	CD	OXYMORPHONE HCL 15MG TAB,SA
977896	SY	has_tradename	977894	CD	OXYMORPHONE HCL 15MG TAB,SA
977896	TMSY	has_tradename	977894	CD	OXYMORPHONE HCL 15MG TAB,SA
977896	BD	has_tradename	977894	CD	OXYMORPHONE HCL 15MG TAB,SA,UD
977896	PSN	has_tradename	977894	CD	OXYMORPHONE HCL 15MG TAB,SA,UD
977896	SBD	has_tradename	977894	CD	OXYMORPHONE HCL 15MG TAB,SA,UD
977896	SY	has_tradename	977894	CD	OXYMORPHONE HCL 15MG TAB,SA,UD
977896	TMSY	has_tradename	977894	CD	OXYMORPHONE HCL 15MG TAB,SA,UD
977896	BD	has_tradename	977894	CDD	oxymorphone HCl@15 mg@ORAL@TABLET, EXTENDED RELEASE 12 HR
977896	PSN	has_tradename	977894	CDD	oxymorphone HCl@15 mg@ORAL@TABLET, EXTENDED RELEASE 12 HR
977896	SBD	has_tradename	977894	CDD	oxymorphone HCl@15 mg@ORAL@TABLET, EXTENDED RELEASE 12 HR
977896	SY	has_tradename	977894	CDD	oxymorphone HCl@15 mg@ORAL@TABLET, EXTENDED RELEASE 12 HR
977896	TMSY	has_tradename	977894	CDD	oxymorphone HCl@15 mg@ORAL@TABLET, EXTENDED RELEASE 12 HR
977896	BD	has_tradename	977894	CDD	oxymorphone HCl@15 mg@ORAL@TABLET,ORAL ONLY,EXTENDED RELEASE 12 HR
977896	PSN	has_tradename	977894	CDD	oxymorphone HCl@15 mg@ORAL@TABLET,ORAL ONLY,EXTENDED RELEASE 12 HR
977896	SBD	has_tradename	977894	CDD	oxymorphone HCl@15 mg@ORAL@TABLET,ORAL ONLY,EXTENDED RELEASE 12 HR
977896	SY	has_tradename	977894	CDD	oxymorphone HCl@15 mg@ORAL@TABLET,ORAL ONLY,EXTENDED RELEASE 12 HR
977896	TMSY	has_tradename	977894	CDD	oxymorphone HCl@15 mg@ORAL@TABLET,ORAL ONLY,EXTENDED RELEASE 12 HR
977896	BD	has_tradename	977894	SY	oxymorphone hydrochloride 15 MG 12 HR Extended Release Oral Tablet
977896	BD	has_tradename	977894	TMSY	oxyMORphone hydrochloride 15 MG 12 HR Extended Release Oral Tablet
977896	PSN	has_tradename	977894	SY	oxymorphone hydrochloride 15 MG 12 HR Extended Release Oral Tablet
977896	PSN	has_tradename	977894	TMSY	oxyMORphone hydrochloride 15 MG 12 HR Extended Release Oral Tablet
977896	SBD	has_tradename	977894	SY	oxymorphone hydrochloride 15 MG 12 HR Extended Release Oral Tablet
977896	SBD	has_tradename	977894	TMSY	oxyMORphone hydrochloride 15 MG 12 HR Extended Release Oral Tablet
977896	SY	has_tradename	977894	SY	oxymorphone hydrochloride 15 MG 12 HR Extended Release Oral Tablet
977896	SY	has_tradename	977894	TMSY	oxyMORphone hydrochloride 15 MG 12 HR Extended Release Oral Tablet
977896	TMSY	has_tradename	977894	SY	oxymorphone hydrochloride 15 MG 12 HR Extended Release Oral Tablet
977896	TMSY	has_tradename	977894	TMSY	oxyMORphone hydrochloride 15 MG 12 HR Extended Release Oral Tablet
977896	BD	has_tradename	977894	CD	Oxymorphone Hydrochloride 15 MG Oral Tablet, Extended Release
977896	PSN	has_tradename	977894	CD	Oxymorphone Hydrochloride 15 MG Oral Tablet, Extended Release
977896	SBD	has_tradename	977894	CD	Oxymorphone Hydrochloride 15 MG Oral Tablet, Extended Release
977896	SY	has_tradename	977894	CD	Oxymorphone Hydrochloride 15 MG Oral Tablet, Extended Release
977896	TMSY	has_tradename	977894	CD	Oxymorphone Hydrochloride 15 MG Oral Tablet, Extended Release
977896	BD	has_tradename	977894	DP	OXYMORPHONE HYDROCHLORIDE 15 mg ORAL TABLET, FILM COATED, EXTENDED RELEASE
977896	PSN	has_tradename	977894	DP	OXYMORPHONE HYDROCHLORIDE 15 mg ORAL TABLET, FILM COATED, EXTENDED RELEASE
977896	SBD	has_tradename	977894	DP	OXYMORPHONE HYDROCHLORIDE 15 mg ORAL TABLET, FILM COATED, EXTENDED RELEASE
977896	SY	has_tradename	977894	DP	OXYMORPHONE HYDROCHLORIDE 15 mg ORAL TABLET, FILM COATED, EXTENDED RELEASE
977896	TMSY	has_tradename	977894	DP	OXYMORPHONE HYDROCHLORIDE 15 mg ORAL TABLET, FILM COATED, EXTENDED RELEASE
977896	BD	has_tradename	977894	CD	Oxymorphone Hydrochloride 15mg Oral tablet, extended release
977896	PSN	has_tradename	977894	CD	Oxymorphone Hydrochloride 15mg Oral tablet, extended release
977896	SBD	has_tradename	977894	CD	Oxymorphone Hydrochloride 15mg Oral tablet, extended release
977896	SY	has_tradename	977894	CD	Oxymorphone Hydrochloride 15mg Oral tablet, extended release
977896	TMSY	has_tradename	977894	CD	Oxymorphone Hydrochloride 15mg Oral tablet, extended release
977896	BD	has_tradename	977894	BD	Oxymorphone Hydrochloride ER, 15 mg oral tablet, extended release
977896	PSN	has_tradename	977894	BD	Oxymorphone Hydrochloride ER, 15 mg oral tablet, extended release
977896	SBD	has_tradename	977894	BD	Oxymorphone Hydrochloride ER, 15 mg oral tablet, extended release
977896	SY	has_tradename	977894	BD	Oxymorphone Hydrochloride ER, 15 mg oral tablet, extended release
977896	TMSY	has_tradename	977894	BD	Oxymorphone Hydrochloride ER, 15 mg oral tablet, extended release
977904	BD	has_tradename	977902	SCD	12 HR oxymorphone hydrochloride 20 MG Extended Release Oral Tablet
977904	BD	has_tradename	977902	TMSY	12 HR oxyMORphone hydrochloride 20 MG Extended Release Oral Tablet
977904	PSN	has_tradename	977902	SCD	12 HR oxymorphone hydrochloride 20 MG Extended Release Oral Tablet
977904	PSN	has_tradename	977902	TMSY	12 HR oxyMORphone hydrochloride 20 MG Extended Release Oral Tablet
977904	SBD	has_tradename	977902	SCD	12 HR oxymorphone hydrochloride 20 MG Extended Release Oral Tablet
977904	SBD	has_tradename	977902	TMSY	12 HR oxyMORphone hydrochloride 20 MG Extended Release Oral Tablet
977904	SY	has_tradename	977902	SCD	12 HR oxymorphone hydrochloride 20 MG Extended Release Oral Tablet
977904	SY	has_tradename	977902	TMSY	12 HR oxyMORphone hydrochloride 20 MG Extended Release Oral Tablet
977904	TMSY	has_tradename	977902	SCD	12 HR oxymorphone hydrochloride 20 MG Extended Release Oral Tablet
977904	TMSY	has_tradename	977902	TMSY	12 HR oxyMORphone hydrochloride 20 MG Extended Release Oral Tablet
977904	BD	has_tradename	977902	CD	oxyMORphone 20 mg oral tablet, extended release
977904	PSN	has_tradename	977902	CD	oxyMORphone 20 mg oral tablet, extended release
977904	SBD	has_tradename	977902	CD	oxyMORphone 20 mg oral tablet, extended release
977904	SY	has_tradename	977902	CD	oxyMORphone 20 mg oral tablet, extended release
977904	TMSY	has_tradename	977902	CD	oxyMORphone 20 mg oral tablet, extended release
977904	BD	has_tradename	977902	PSN	oxyMORphone HCl 20 MG 12HR Extended Release Oral Tablet
977904	PSN	has_tradename	977902	PSN	oxyMORphone HCl 20 MG 12HR Extended Release Oral Tablet
977904	SBD	has_tradename	977902	PSN	oxyMORphone HCl 20 MG 12HR Extended Release Oral Tablet
977904	SY	has_tradename	977902	PSN	oxyMORphone HCl 20 MG 12HR Extended Release Oral Tablet
977904	TMSY	has_tradename	977902	PSN	oxyMORphone HCl 20 MG 12HR Extended Release Oral Tablet
977904	BD	has_tradename	977902	CDA	oxymorphone HCl 20 mg ORAL TABLET, EXTENDED RELEASE 12 HR
977904	BD	has_tradename	977902	CDC	oxymorphone HCl 20 mg ORAL TABLET, EXTENDED RELEASE 12 HR
977904	PSN	has_tradename	977902	CDA	oxymorphone HCl 20 mg ORAL TABLET, EXTENDED RELEASE 12 HR
977904	PSN	has_tradename	977902	CDC	oxymorphone HCl 20 mg ORAL TABLET, EXTENDED RELEASE 12 HR
977904	SBD	has_tradename	977902	CDA	oxymorphone HCl 20 mg ORAL TABLET, EXTENDED RELEASE 12 HR
977904	SBD	has_tradename	977902	CDC	oxymorphone HCl 20 mg ORAL TABLET, EXTENDED RELEASE 12 HR
977904	SY	has_tradename	977902	CDA	oxymorphone HCl 20 mg ORAL TABLET, EXTENDED RELEASE 12 HR
977904	SY	has_tradename	977902	CDC	oxymorphone HCl 20 mg ORAL TABLET, EXTENDED RELEASE 12 HR
977904	TMSY	has_tradename	977902	CDA	oxymorphone HCl 20 mg ORAL TABLET, EXTENDED RELEASE 12 HR
977904	TMSY	has_tradename	977902	CDC	oxymorphone HCl 20 mg ORAL TABLET, EXTENDED RELEASE 12 HR
977904	BD	has_tradename	977902	CDA	oxymorphone HCl 20 mg ORAL TABLET,ORAL ONLY,EXTENDED RELEASE 12 HR
977904	BD	has_tradename	977902	CDC	oxymorphone HCl 20 mg ORAL TABLET,ORAL ONLY,EXTENDED RELEASE 12 HR
977904	PSN	has_tradename	977902	CDA	oxymorphone HCl 20 mg ORAL TABLET,ORAL ONLY,EXTENDED RELEASE 12 HR
977904	PSN	has_tradename	977902	CDC	oxymorphone HCl 20 mg ORAL TABLET,ORAL ONLY,EXTENDED RELEASE 12 HR
977904	SBD	has_tradename	977902	CDA	oxymorphone HCl 20 mg ORAL TABLET,ORAL ONLY,EXTENDED RELEASE 12 HR
977904	SBD	has_tradename	977902	CDC	oxymorphone HCl 20 mg ORAL TABLET,ORAL ONLY,EXTENDED RELEASE 12 HR
977904	SY	has_tradename	977902	CDA	oxymorphone HCl 20 mg ORAL TABLET,ORAL ONLY,EXTENDED RELEASE 12 HR
977904	SY	has_tradename	977902	CDC	oxymorphone HCl 20 mg ORAL TABLET,ORAL ONLY,EXTENDED RELEASE 12 HR
977904	TMSY	has_tradename	977902	CDA	oxymorphone HCl 20 mg ORAL TABLET,ORAL ONLY,EXTENDED RELEASE 12 HR
977904	TMSY	has_tradename	977902	CDC	oxymorphone HCl 20 mg ORAL TABLET,ORAL ONLY,EXTENDED RELEASE 12 HR
977904	BD	has_tradename	977902	AB	OXYMORPHONE HCL 20MG SA TAB
977904	PSN	has_tradename	977902	AB	OXYMORPHONE HCL 20MG SA TAB
977904	SBD	has_tradename	977902	AB	OXYMORPHONE HCL 20MG SA TAB
977904	SY	has_tradename	977902	AB	OXYMORPHONE HCL 20MG SA TAB
977904	TMSY	has_tradename	977902	AB	OXYMORPHONE HCL 20MG SA TAB
977904	BD	has_tradename	977902	AB	OXYMORPHONE HCL 20MG SA TAB UD
977904	PSN	has_tradename	977902	AB	OXYMORPHONE HCL 20MG SA TAB UD
977904	SBD	has_tradename	977902	AB	OXYMORPHONE HCL 20MG SA TAB UD
977904	SY	has_tradename	977902	AB	OXYMORPHONE HCL 20MG SA TAB UD
977904	TMSY	has_tradename	977902	AB	OXYMORPHONE HCL 20MG SA TAB UD
977904	BD	has_tradename	977902	CD	OXYMORPHONE HCL 20MG TAB,SA
977904	PSN	has_tradename	977902	CD	OXYMORPHONE HCL 20MG TAB,SA
977904	SBD	has_tradename	977902	CD	OXYMORPHONE HCL 20MG TAB,SA
977904	SY	has_tradename	977902	CD	OXYMORPHONE HCL 20MG TAB,SA
977904	TMSY	has_tradename	977902	CD	OXYMORPHONE HCL 20MG TAB,SA
977904	BD	has_tradename	977902	CD	OXYMORPHONE HCL 20MG TAB,SA,UD
977904	PSN	has_tradename	977902	CD	OXYMORPHONE HCL 20MG TAB,SA,UD
977904	SBD	has_tradename	977902	CD	OXYMORPHONE HCL 20MG TAB,SA,UD
977904	SY	has_tradename	977902	CD	OXYMORPHONE HCL 20MG TAB,SA,UD
977904	TMSY	has_tradename	977902	CD	OXYMORPHONE HCL 20MG TAB,SA,UD
977904	BD	has_tradename	977902	CDD	oxymorphone HCl@20 mg@ORAL@TABLET, EXTENDED RELEASE 12 HR
977904	PSN	has_tradename	977902	CDD	oxymorphone HCl@20 mg@ORAL@TABLET, EXTENDED RELEASE 12 HR
977904	SBD	has_tradename	977902	CDD	oxymorphone HCl@20 mg@ORAL@TABLET, EXTENDED RELEASE 12 HR
977904	SY	has_tradename	977902	CDD	oxymorphone HCl@20 mg@ORAL@TABLET, EXTENDED RELEASE 12 HR
977904	TMSY	has_tradename	977902	CDD	oxymorphone HCl@20 mg@ORAL@TABLET, EXTENDED RELEASE 12 HR
977904	BD	has_tradename	977902	CDD	oxymorphone HCl@20 mg@ORAL@TABLET,ORAL ONLY,EXTENDED RELEASE 12 HR
977904	PSN	has_tradename	977902	CDD	oxymorphone HCl@20 mg@ORAL@TABLET,ORAL ONLY,EXTENDED RELEASE 12 HR
977904	SBD	has_tradename	977902	CDD	oxymorphone HCl@20 mg@ORAL@TABLET,ORAL ONLY,EXTENDED RELEASE 12 HR
977904	SY	has_tradename	977902	CDD	oxymorphone HCl@20 mg@ORAL@TABLET,ORAL ONLY,EXTENDED RELEASE 12 HR
977904	TMSY	has_tradename	977902	CDD	oxymorphone HCl@20 mg@ORAL@TABLET,ORAL ONLY,EXTENDED RELEASE 12 HR
977904	BD	has_tradename	977902	SY	oxymorphone hydrochloride 20 MG 12 HR Extended Release Oral Tablet
977904	BD	has_tradename	977902	TMSY	oxyMORphone hydrochloride 20 MG 12 HR Extended Release Oral Tablet
977904	PSN	has_tradename	977902	SY	oxymorphone hydrochloride 20 MG 12 HR Extended Release Oral Tablet
977904	PSN	has_tradename	977902	TMSY	oxyMORphone hydrochloride 20 MG 12 HR Extended Release Oral Tablet
977904	SBD	has_tradename	977902	SY	oxymorphone hydrochloride 20 MG 12 HR Extended Release Oral Tablet
977904	SBD	has_tradename	977902	TMSY	oxyMORphone hydrochloride 20 MG 12 HR Extended Release Oral Tablet
977904	SY	has_tradename	977902	SY	oxymorphone hydrochloride 20 MG 12 HR Extended Release Oral Tablet
977904	SY	has_tradename	977902	TMSY	oxyMORphone hydrochloride 20 MG 12 HR Extended Release Oral Tablet
977904	TMSY	has_tradename	977902	SY	oxymorphone hydrochloride 20 MG 12 HR Extended Release Oral Tablet
977904	TMSY	has_tradename	977902	TMSY	oxyMORphone hydrochloride 20 MG 12 HR Extended Release Oral Tablet
977904	BD	has_tradename	977902	CD	Oxymorphone Hydrochloride 20 MG Oral Tablet, Extended Release
977904	PSN	has_tradename	977902	CD	Oxymorphone Hydrochloride 20 MG Oral Tablet, Extended Release
977904	SBD	has_tradename	977902	CD	Oxymorphone Hydrochloride 20 MG Oral Tablet, Extended Release
977904	SY	has_tradename	977902	CD	Oxymorphone Hydrochloride 20 MG Oral Tablet, Extended Release
977904	TMSY	has_tradename	977902	CD	Oxymorphone Hydrochloride 20 MG Oral Tablet, Extended Release
977904	BD	has_tradename	977902	DP	OXYMORPHONE HYDROCHLORIDE 20 mg ORAL TABLET, FILM COATED, EXTENDED RELEASE
977904	PSN	has_tradename	977902	DP	OXYMORPHONE HYDROCHLORIDE 20 mg ORAL TABLET, FILM COATED, EXTENDED RELEASE
977904	SBD	has_tradename	977902	DP	OXYMORPHONE HYDROCHLORIDE 20 mg ORAL TABLET, FILM COATED, EXTENDED RELEASE
977904	SY	has_tradename	977902	DP	OXYMORPHONE HYDROCHLORIDE 20 mg ORAL TABLET, FILM COATED, EXTENDED RELEASE
977904	TMSY	has_tradename	977902	DP	OXYMORPHONE HYDROCHLORIDE 20 mg ORAL TABLET, FILM COATED, EXTENDED RELEASE
977904	BD	has_tradename	977902	CD	Oxymorphone Hydrochloride 20mg Oral tablet, extended release
977904	PSN	has_tradename	977902	CD	Oxymorphone Hydrochloride 20mg Oral tablet, extended release
977904	SBD	has_tradename	977902	CD	Oxymorphone Hydrochloride 20mg Oral tablet, extended release
977904	SY	has_tradename	977902	CD	Oxymorphone Hydrochloride 20mg Oral tablet, extended release
977904	TMSY	has_tradename	977902	CD	Oxymorphone Hydrochloride 20mg Oral tablet, extended release
977904	BD	has_tradename	977902	BD	Oxymorphone Hydrochloride ER, 20 mg oral tablet, extended release
977904	PSN	has_tradename	977902	BD	Oxymorphone Hydrochloride ER, 20 mg oral tablet, extended release
977904	SBD	has_tradename	977902	BD	Oxymorphone Hydrochloride ER, 20 mg oral tablet, extended release
977904	SY	has_tradename	977902	BD	Oxymorphone Hydrochloride ER, 20 mg oral tablet, extended release
977904	TMSY	has_tradename	977902	BD	Oxymorphone Hydrochloride ER, 20 mg oral tablet, extended release
977906	SBD	has_tradename	977905	SCD	oxymorphone hydrochloride 20 MG Extended Release Oral Tablet
977906	SBD	has_tradename	977905	TMSY	oxyMORphone hydrochloride 20 MG Extended Release Oral Tablet
977906	SY	has_tradename	977905	SCD	oxymorphone hydrochloride 20 MG Extended Release Oral Tablet
977906	SY	has_tradename	977905	TMSY	oxyMORphone hydrochloride 20 MG Extended Release Oral Tablet
977906	TMSY	has_tradename	977905	SCD	oxymorphone hydrochloride 20 MG Extended Release Oral Tablet
977906	TMSY	has_tradename	977905	TMSY	oxyMORphone hydrochloride 20 MG Extended Release Oral Tablet
977911	BD	has_tradename	977909	SCD	12 HR oxymorphone hydrochloride 30 MG Extended Release Oral Tablet
977911	BD	has_tradename	977909	TMSY	12 HR oxyMORphone hydrochloride 30 MG Extended Release Oral Tablet
977911	PSN	has_tradename	977909	SCD	12 HR oxymorphone hydrochloride 30 MG Extended Release Oral Tablet
977911	PSN	has_tradename	977909	TMSY	12 HR oxyMORphone hydrochloride 30 MG Extended Release Oral Tablet
977911	SBD	has_tradename	977909	SCD	12 HR oxymorphone hydrochloride 30 MG Extended Release Oral Tablet
977911	SBD	has_tradename	977909	TMSY	12 HR oxyMORphone hydrochloride 30 MG Extended Release Oral Tablet
977911	SY	has_tradename	977909	SCD	12 HR oxymorphone hydrochloride 30 MG Extended Release Oral Tablet
977911	SY	has_tradename	977909	TMSY	12 HR oxyMORphone hydrochloride 30 MG Extended Release Oral Tablet
977911	TMSY	has_tradename	977909	SCD	12 HR oxymorphone hydrochloride 30 MG Extended Release Oral Tablet
977911	TMSY	has_tradename	977909	TMSY	12 HR oxyMORphone hydrochloride 30 MG Extended Release Oral Tablet
977911	BD	has_tradename	977909	CD	oxyMORphone 30 mg oral tablet, extended release
977911	PSN	has_tradename	977909	CD	oxyMORphone 30 mg oral tablet, extended release
977911	SBD	has_tradename	977909	CD	oxyMORphone 30 mg oral tablet, extended release
977911	SY	has_tradename	977909	CD	oxyMORphone 30 mg oral tablet, extended release
977911	TMSY	has_tradename	977909	CD	oxyMORphone 30 mg oral tablet, extended release
977911	BD	has_tradename	977909	PSN	oxyMORphone HCl 30 MG 12HR Extended Release Oral Tablet
977911	PSN	has_tradename	977909	PSN	oxyMORphone HCl 30 MG 12HR Extended Release Oral Tablet
977911	SBD	has_tradename	977909	PSN	oxyMORphone HCl 30 MG 12HR Extended Release Oral Tablet
977911	SY	has_tradename	977909	PSN	oxyMORphone HCl 30 MG 12HR Extended Release Oral Tablet
977911	TMSY	has_tradename	977909	PSN	oxyMORphone HCl 30 MG 12HR Extended Release Oral Tablet
977911	BD	has_tradename	977909	CDA	oxymorphone HCl 30 mg ORAL TABLET, EXTENDED RELEASE 12 HR
977911	BD	has_tradename	977909	CDC	oxymorphone HCl 30 mg ORAL TABLET, EXTENDED RELEASE 12 HR
977911	PSN	has_tradename	977909	CDA	oxymorphone HCl 30 mg ORAL TABLET, EXTENDED RELEASE 12 HR
977911	PSN	has_tradename	977909	CDC	oxymorphone HCl 30 mg ORAL TABLET, EXTENDED RELEASE 12 HR
977911	SBD	has_tradename	977909	CDA	oxymorphone HCl 30 mg ORAL TABLET, EXTENDED RELEASE 12 HR
977911	SBD	has_tradename	977909	CDC	oxymorphone HCl 30 mg ORAL TABLET, EXTENDED RELEASE 12 HR
977911	SY	has_tradename	977909	CDA	oxymorphone HCl 30 mg ORAL TABLET, EXTENDED RELEASE 12 HR
977911	SY	has_tradename	977909	CDC	oxymorphone HCl 30 mg ORAL TABLET, EXTENDED RELEASE 12 HR
977911	TMSY	has_tradename	977909	CDA	oxymorphone HCl 30 mg ORAL TABLET, EXTENDED RELEASE 12 HR
977911	TMSY	has_tradename	977909	CDC	oxymorphone HCl 30 mg ORAL TABLET, EXTENDED RELEASE 12 HR
977911	BD	has_tradename	977909	CDA	oxymorphone HCl 30 mg ORAL TABLET,ORAL ONLY,EXTENDED RELEASE 12 HR
977911	BD	has_tradename	977909	CDC	oxymorphone HCl 30 mg ORAL TABLET,ORAL ONLY,EXTENDED RELEASE 12 HR
977911	PSN	has_tradename	977909	CDA	oxymorphone HCl 30 mg ORAL TABLET,ORAL ONLY,EXTENDED RELEASE 12 HR
977911	PSN	has_tradename	977909	CDC	oxymorphone HCl 30 mg ORAL TABLET,ORAL ONLY,EXTENDED RELEASE 12 HR
977911	SBD	has_tradename	977909	CDA	oxymorphone HCl 30 mg ORAL TABLET,ORAL ONLY,EXTENDED RELEASE 12 HR
977911	SBD	has_tradename	977909	CDC	oxymorphone HCl 30 mg ORAL TABLET,ORAL ONLY,EXTENDED RELEASE 12 HR
977911	SY	has_tradename	977909	CDA	oxymorphone HCl 30 mg ORAL TABLET,ORAL ONLY,EXTENDED RELEASE 12 HR
977911	SY	has_tradename	977909	CDC	oxymorphone HCl 30 mg ORAL TABLET,ORAL ONLY,EXTENDED RELEASE 12 HR
977911	TMSY	has_tradename	977909	CDA	oxymorphone HCl 30 mg ORAL TABLET,ORAL ONLY,EXTENDED RELEASE 12 HR
977911	TMSY	has_tradename	977909	CDC	oxymorphone HCl 30 mg ORAL TABLET,ORAL ONLY,EXTENDED RELEASE 12 HR
977911	BD	has_tradename	977909	AB	OXYMORPHONE HCL 30MG SA TAB
977911	PSN	has_tradename	977909	AB	OXYMORPHONE HCL 30MG SA TAB
977911	SBD	has_tradename	977909	AB	OXYMORPHONE HCL 30MG SA TAB
977911	SY	has_tradename	977909	AB	OXYMORPHONE HCL 30MG SA TAB
977911	TMSY	has_tradename	977909	AB	OXYMORPHONE HCL 30MG SA TAB
977911	BD	has_tradename	977909	CD	OXYMORPHONE HCL 30MG TAB,SA
977911	PSN	has_tradename	977909	CD	OXYMORPHONE HCL 30MG TAB,SA
977911	SBD	has_tradename	977909	CD	OXYMORPHONE HCL 30MG TAB,SA
977911	SY	has_tradename	977909	CD	OXYMORPHONE HCL 30MG TAB,SA
977911	TMSY	has_tradename	977909	CD	OXYMORPHONE HCL 30MG TAB,SA
977911	BD	has_tradename	977909	CDD	oxymorphone HCl@30 mg@ORAL@TABLET, EXTENDED RELEASE 12 HR
977911	PSN	has_tradename	977909	CDD	oxymorphone HCl@30 mg@ORAL@TABLET, EXTENDED RELEASE 12 HR
977911	SBD	has_tradename	977909	CDD	oxymorphone HCl@30 mg@ORAL@TABLET, EXTENDED RELEASE 12 HR
977911	SY	has_tradename	977909	CDD	oxymorphone HCl@30 mg@ORAL@TABLET, EXTENDED RELEASE 12 HR
977911	TMSY	has_tradename	977909	CDD	oxymorphone HCl@30 mg@ORAL@TABLET, EXTENDED RELEASE 12 HR
977911	BD	has_tradename	977909	CDD	oxymorphone HCl@30 mg@ORAL@TABLET,ORAL ONLY,EXTENDED RELEASE 12 HR
977911	PSN	has_tradename	977909	CDD	oxymorphone HCl@30 mg@ORAL@TABLET,ORAL ONLY,EXTENDED RELEASE 12 HR
977911	SBD	has_tradename	977909	CDD	oxymorphone HCl@30 mg@ORAL@TABLET,ORAL ONLY,EXTENDED RELEASE 12 HR
977911	SY	has_tradename	977909	CDD	oxymorphone HCl@30 mg@ORAL@TABLET,ORAL ONLY,EXTENDED RELEASE 12 HR
977911	TMSY	has_tradename	977909	CDD	oxymorphone HCl@30 mg@ORAL@TABLET,ORAL ONLY,EXTENDED RELEASE 12 HR
977911	BD	has_tradename	977909	SY	oxymorphone hydrochloride 30 MG 12 HR Extended Release Oral Tablet
977911	BD	has_tradename	977909	TMSY	oxyMORphone hydrochloride 30 MG 12 HR Extended Release Oral Tablet
977911	PSN	has_tradename	977909	SY	oxymorphone hydrochloride 30 MG 12 HR Extended Release Oral Tablet
977911	PSN	has_tradename	977909	TMSY	oxyMORphone hydrochloride 30 MG 12 HR Extended Release Oral Tablet
977911	SBD	has_tradename	977909	SY	oxymorphone hydrochloride 30 MG 12 HR Extended Release Oral Tablet
977911	SBD	has_tradename	977909	TMSY	oxyMORphone hydrochloride 30 MG 12 HR Extended Release Oral Tablet
977911	SY	has_tradename	977909	SY	oxymorphone hydrochloride 30 MG 12 HR Extended Release Oral Tablet
977911	SY	has_tradename	977909	TMSY	oxyMORphone hydrochloride 30 MG 12 HR Extended Release Oral Tablet
977911	TMSY	has_tradename	977909	SY	oxymorphone hydrochloride 30 MG 12 HR Extended Release Oral Tablet
977911	TMSY	has_tradename	977909	TMSY	oxyMORphone hydrochloride 30 MG 12 HR Extended Release Oral Tablet
977911	BD	has_tradename	977909	CD	Oxymorphone Hydrochloride 30 MG Oral Tablet, Extended Release
977911	PSN	has_tradename	977909	CD	Oxymorphone Hydrochloride 30 MG Oral Tablet, Extended Release
977911	SBD	has_tradename	977909	CD	Oxymorphone Hydrochloride 30 MG Oral Tablet, Extended Release
977911	SY	has_tradename	977909	CD	Oxymorphone Hydrochloride 30 MG Oral Tablet, Extended Release
977911	TMSY	has_tradename	977909	CD	Oxymorphone Hydrochloride 30 MG Oral Tablet, Extended Release
977911	BD	has_tradename	977909	DP	OXYMORPHONE HYDROCHLORIDE 30 mg ORAL TABLET, FILM COATED, EXTENDED RELEASE
977911	PSN	has_tradename	977909	DP	OXYMORPHONE HYDROCHLORIDE 30 mg ORAL TABLET, FILM COATED, EXTENDED RELEASE
977911	SBD	has_tradename	977909	DP	OXYMORPHONE HYDROCHLORIDE 30 mg ORAL TABLET, FILM COATED, EXTENDED RELEASE
977911	SY	has_tradename	977909	DP	OXYMORPHONE HYDROCHLORIDE 30 mg ORAL TABLET, FILM COATED, EXTENDED RELEASE
977911	TMSY	has_tradename	977909	DP	OXYMORPHONE HYDROCHLORIDE 30 mg ORAL TABLET, FILM COATED, EXTENDED RELEASE
977911	BD	has_tradename	977909	CD	Oxymorphone Hydrochloride 30mg Oral tablet, extended release
977911	PSN	has_tradename	977909	CD	Oxymorphone Hydrochloride 30mg Oral tablet, extended release
977911	SBD	has_tradename	977909	CD	Oxymorphone Hydrochloride 30mg Oral tablet, extended release
977911	SY	has_tradename	977909	CD	Oxymorphone Hydrochloride 30mg Oral tablet, extended release
977911	TMSY	has_tradename	977909	CD	Oxymorphone Hydrochloride 30mg Oral tablet, extended release
977911	BD	has_tradename	977909	BD	Oxymorphone Hydrochloride ER, 30 mg oral tablet, extended release
977911	PSN	has_tradename	977909	BD	Oxymorphone Hydrochloride ER, 30 mg oral tablet, extended release
977911	SBD	has_tradename	977909	BD	Oxymorphone Hydrochloride ER, 30 mg oral tablet, extended release
977911	SY	has_tradename	977909	BD	Oxymorphone Hydrochloride ER, 30 mg oral tablet, extended release
977911	TMSY	has_tradename	977909	BD	Oxymorphone Hydrochloride ER, 30 mg oral tablet, extended release
977913	SBD	has_tradename	977912	SCD	oxymorphone hydrochloride 30 MG Extended Release Oral Tablet
977913	SBD	has_tradename	977912	TMSY	oxyMORphone hydrochloride 30 MG Extended Release Oral Tablet
977913	SY	has_tradename	977912	SCD	oxymorphone hydrochloride 30 MG Extended Release Oral Tablet
977913	SY	has_tradename	977912	TMSY	oxyMORphone hydrochloride 30 MG Extended Release Oral Tablet
977913	TMSY	has_tradename	977912	SCD	oxymorphone hydrochloride 30 MG Extended Release Oral Tablet
977913	TMSY	has_tradename	977912	TMSY	oxyMORphone hydrochloride 30 MG Extended Release Oral Tablet
977917	BD	has_tradename	977915	SCD	12 HR oxymorphone hydrochloride 40 MG Extended Release Oral Tablet
977917	BD	has_tradename	977915	TMSY	12 HR oxyMORphone hydrochloride 40 MG Extended Release Oral Tablet
977917	DP	has_tradename	977915	SCD	12 HR oxymorphone hydrochloride 40 MG Extended Release Oral Tablet
977917	DP	has_tradename	977915	TMSY	12 HR oxyMORphone hydrochloride 40 MG Extended Release Oral Tablet
977917	PSN	has_tradename	977915	SCD	12 HR oxymorphone hydrochloride 40 MG Extended Release Oral Tablet
977917	PSN	has_tradename	977915	TMSY	12 HR oxyMORphone hydrochloride 40 MG Extended Release Oral Tablet
977917	SBD	has_tradename	977915	SCD	12 HR oxymorphone hydrochloride 40 MG Extended Release Oral Tablet
977917	SBD	has_tradename	977915	TMSY	12 HR oxyMORphone hydrochloride 40 MG Extended Release Oral Tablet
977917	SY	has_tradename	977915	SCD	12 HR oxymorphone hydrochloride 40 MG Extended Release Oral Tablet
977917	SY	has_tradename	977915	TMSY	12 HR oxyMORphone hydrochloride 40 MG Extended Release Oral Tablet
977917	TMSY	has_tradename	977915	SCD	12 HR oxymorphone hydrochloride 40 MG Extended Release Oral Tablet
977917	TMSY	has_tradename	977915	TMSY	12 HR oxyMORphone hydrochloride 40 MG Extended Release Oral Tablet
977917	BD	has_tradename	977915	CD	oxyMORphone 40 mg oral tablet, extended release
977917	DP	has_tradename	977915	CD	oxyMORphone 40 mg oral tablet, extended release
977917	PSN	has_tradename	977915	CD	oxyMORphone 40 mg oral tablet, extended release
977917	SBD	has_tradename	977915	CD	oxyMORphone 40 mg oral tablet, extended release
977917	SY	has_tradename	977915	CD	oxyMORphone 40 mg oral tablet, extended release
977917	TMSY	has_tradename	977915	CD	oxyMORphone 40 mg oral tablet, extended release
977917	BD	has_tradename	977915	PSN	oxyMORphone HCl 40 MG 12HR Extended Release Oral Tablet
977917	DP	has_tradename	977915	PSN	oxyMORphone HCl 40 MG 12HR Extended Release Oral Tablet
977917	PSN	has_tradename	977915	PSN	oxyMORphone HCl 40 MG 12HR Extended Release Oral Tablet
977917	SBD	has_tradename	977915	PSN	oxyMORphone HCl 40 MG 12HR Extended Release Oral Tablet
977917	SY	has_tradename	977915	PSN	oxyMORphone HCl 40 MG 12HR Extended Release Oral Tablet
977917	TMSY	has_tradename	977915	PSN	oxyMORphone HCl 40 MG 12HR Extended Release Oral Tablet
977917	BD	has_tradename	977915	CDA	oxymorphone HCl 40 mg ORAL TABLET, EXTENDED RELEASE 12 HR
977917	BD	has_tradename	977915	CDC	oxymorphone HCl 40 mg ORAL TABLET, EXTENDED RELEASE 12 HR
977917	DP	has_tradename	977915	CDA	oxymorphone HCl 40 mg ORAL TABLET, EXTENDED RELEASE 12 HR
977917	DP	has_tradename	977915	CDC	oxymorphone HCl 40 mg ORAL TABLET, EXTENDED RELEASE 12 HR
977917	PSN	has_tradename	977915	CDA	oxymorphone HCl 40 mg ORAL TABLET, EXTENDED RELEASE 12 HR
977917	PSN	has_tradename	977915	CDC	oxymorphone HCl 40 mg ORAL TABLET, EXTENDED RELEASE 12 HR
977917	SBD	has_tradename	977915	CDA	oxymorphone HCl 40 mg ORAL TABLET, EXTENDED RELEASE 12 HR
977917	SBD	has_tradename	977915	CDC	oxymorphone HCl 40 mg ORAL TABLET, EXTENDED RELEASE 12 HR
977917	SY	has_tradename	977915	CDA	oxymorphone HCl 40 mg ORAL TABLET, EXTENDED RELEASE 12 HR
977917	SY	has_tradename	977915	CDC	oxymorphone HCl 40 mg ORAL TABLET, EXTENDED RELEASE 12 HR
977917	TMSY	has_tradename	977915	CDA	oxymorphone HCl 40 mg ORAL TABLET, EXTENDED RELEASE 12 HR
977917	TMSY	has_tradename	977915	CDC	oxymorphone HCl 40 mg ORAL TABLET, EXTENDED RELEASE 12 HR
977917	BD	has_tradename	977915	CDA	oxymorphone HCl 40 mg ORAL TABLET,ORAL ONLY,EXTENDED RELEASE 12 HR
977917	BD	has_tradename	977915	CDC	oxymorphone HCl 40 mg ORAL TABLET,ORAL ONLY,EXTENDED RELEASE 12 HR
977917	DP	has_tradename	977915	CDA	oxymorphone HCl 40 mg ORAL TABLET,ORAL ONLY,EXTENDED RELEASE 12 HR
977917	DP	has_tradename	977915	CDC	oxymorphone HCl 40 mg ORAL TABLET,ORAL ONLY,EXTENDED RELEASE 12 HR
977917	PSN	has_tradename	977915	CDA	oxymorphone HCl 40 mg ORAL TABLET,ORAL ONLY,EXTENDED RELEASE 12 HR
977917	PSN	has_tradename	977915	CDC	oxymorphone HCl 40 mg ORAL TABLET,ORAL ONLY,EXTENDED RELEASE 12 HR
977917	SBD	has_tradename	977915	CDA	oxymorphone HCl 40 mg ORAL TABLET,ORAL ONLY,EXTENDED RELEASE 12 HR
977917	SBD	has_tradename	977915	CDC	oxymorphone HCl 40 mg ORAL TABLET,ORAL ONLY,EXTENDED RELEASE 12 HR
977917	SY	has_tradename	977915	CDA	oxymorphone HCl 40 mg ORAL TABLET,ORAL ONLY,EXTENDED RELEASE 12 HR
977917	SY	has_tradename	977915	CDC	oxymorphone HCl 40 mg ORAL TABLET,ORAL ONLY,EXTENDED RELEASE 12 HR
977917	TMSY	has_tradename	977915	CDA	oxymorphone HCl 40 mg ORAL TABLET,ORAL ONLY,EXTENDED RELEASE 12 HR
977917	TMSY	has_tradename	977915	CDC	oxymorphone HCl 40 mg ORAL TABLET,ORAL ONLY,EXTENDED RELEASE 12 HR
977917	BD	has_tradename	977915	AB	OXYMORPHONE HCL 40MG SA TAB
977917	DP	has_tradename	977915	AB	OXYMORPHONE HCL 40MG SA TAB
977917	PSN	has_tradename	977915	AB	OXYMORPHONE HCL 40MG SA TAB
977917	SBD	has_tradename	977915	AB	OXYMORPHONE HCL 40MG SA TAB
977917	SY	has_tradename	977915	AB	OXYMORPHONE HCL 40MG SA TAB
977917	TMSY	has_tradename	977915	AB	OXYMORPHONE HCL 40MG SA TAB
977917	BD	has_tradename	977915	AB	OXYMORPHONE HCL 40MG SA TAB UD
977917	DP	has_tradename	977915	AB	OXYMORPHONE HCL 40MG SA TAB UD
977917	PSN	has_tradename	977915	AB	OXYMORPHONE HCL 40MG SA TAB UD
977917	SBD	has_tradename	977915	AB	OXYMORPHONE HCL 40MG SA TAB UD
977917	SY	has_tradename	977915	AB	OXYMORPHONE HCL 40MG SA TAB UD
977917	TMSY	has_tradename	977915	AB	OXYMORPHONE HCL 40MG SA TAB UD
977917	BD	has_tradename	977915	CD	OXYMORPHONE HCL 40MG TAB,SA
977917	DP	has_tradename	977915	CD	OXYMORPHONE HCL 40MG TAB,SA
977917	PSN	has_tradename	977915	CD	OXYMORPHONE HCL 40MG TAB,SA
977917	SBD	has_tradename	977915	CD	OXYMORPHONE HCL 40MG TAB,SA
977917	SY	has_tradename	977915	CD	OXYMORPHONE HCL 40MG TAB,SA
977917	TMSY	has_tradename	977915	CD	OXYMORPHONE HCL 40MG TAB,SA
977917	BD	has_tradename	977915	CD	OXYMORPHONE HCL 40MG TAB,SA,UD
977917	DP	has_tradename	977915	CD	OXYMORPHONE HCL 40MG TAB,SA,UD
977917	PSN	has_tradename	977915	CD	OXYMORPHONE HCL 40MG TAB,SA,UD
977917	SBD	has_tradename	977915	CD	OXYMORPHONE HCL 40MG TAB,SA,UD
977917	SY	has_tradename	977915	CD	OXYMORPHONE HCL 40MG TAB,SA,UD
977917	TMSY	has_tradename	977915	CD	OXYMORPHONE HCL 40MG TAB,SA,UD
977917	BD	has_tradename	977915	CDD	oxymorphone HCl@40 mg@ORAL@TABLET, EXTENDED RELEASE 12 HR
977917	DP	has_tradename	977915	CDD	oxymorphone HCl@40 mg@ORAL@TABLET, EXTENDED RELEASE 12 HR
977917	PSN	has_tradename	977915	CDD	oxymorphone HCl@40 mg@ORAL@TABLET, EXTENDED RELEASE 12 HR
977917	SBD	has_tradename	977915	CDD	oxymorphone HCl@40 mg@ORAL@TABLET, EXTENDED RELEASE 12 HR
977917	SY	has_tradename	977915	CDD	oxymorphone HCl@40 mg@ORAL@TABLET, EXTENDED RELEASE 12 HR
977917	TMSY	has_tradename	977915	CDD	oxymorphone HCl@40 mg@ORAL@TABLET, EXTENDED RELEASE 12 HR
977917	BD	has_tradename	977915	CDD	oxymorphone HCl@40 mg@ORAL@TABLET,ORAL ONLY,EXTENDED RELEASE 12 HR
977917	DP	has_tradename	977915	CDD	oxymorphone HCl@40 mg@ORAL@TABLET,ORAL ONLY,EXTENDED RELEASE 12 HR
977917	PSN	has_tradename	977915	CDD	oxymorphone HCl@40 mg@ORAL@TABLET,ORAL ONLY,EXTENDED RELEASE 12 HR
977917	SBD	has_tradename	977915	CDD	oxymorphone HCl@40 mg@ORAL@TABLET,ORAL ONLY,EXTENDED RELEASE 12 HR
977917	SY	has_tradename	977915	CDD	oxymorphone HCl@40 mg@ORAL@TABLET,ORAL ONLY,EXTENDED RELEASE 12 HR
977917	TMSY	has_tradename	977915	CDD	oxymorphone HCl@40 mg@ORAL@TABLET,ORAL ONLY,EXTENDED RELEASE 12 HR
977917	BD	has_tradename	977915	SY	oxymorphone hydrochloride 40 MG 12 HR Extended Release Oral Tablet
977917	BD	has_tradename	977915	TMSY	oxyMORphone hydrochloride 40 MG 12 HR Extended Release Oral Tablet
977917	DP	has_tradename	977915	SY	oxymorphone hydrochloride 40 MG 12 HR Extended Release Oral Tablet
977917	DP	has_tradename	977915	TMSY	oxyMORphone hydrochloride 40 MG 12 HR Extended Release Oral Tablet
977917	PSN	has_tradename	977915	SY	oxymorphone hydrochloride 40 MG 12 HR Extended Release Oral Tablet
977917	PSN	has_tradename	977915	TMSY	oxyMORphone hydrochloride 40 MG 12 HR Extended Release Oral Tablet
977917	SBD	has_tradename	977915	SY	oxymorphone hydrochloride 40 MG 12 HR Extended Release Oral Tablet
977917	SBD	has_tradename	977915	TMSY	oxyMORphone hydrochloride 40 MG 12 HR Extended Release Oral Tablet
977917	SY	has_tradename	977915	SY	oxymorphone hydrochloride 40 MG 12 HR Extended Release Oral Tablet
977917	SY	has_tradename	977915	TMSY	oxyMORphone hydrochloride 40 MG 12 HR Extended Release Oral Tablet
977917	TMSY	has_tradename	977915	SY	oxymorphone hydrochloride 40 MG 12 HR Extended Release Oral Tablet
977917	TMSY	has_tradename	977915	TMSY	oxyMORphone hydrochloride 40 MG 12 HR Extended Release Oral Tablet
977917	BD	has_tradename	977915	CD	Oxymorphone Hydrochloride 40 MG Oral Tablet, Extended Release
977917	DP	has_tradename	977915	CD	Oxymorphone Hydrochloride 40 MG Oral Tablet, Extended Release
977917	PSN	has_tradename	977915	CD	Oxymorphone Hydrochloride 40 MG Oral Tablet, Extended Release
977917	SBD	has_tradename	977915	CD	Oxymorphone Hydrochloride 40 MG Oral Tablet, Extended Release
977917	SY	has_tradename	977915	CD	Oxymorphone Hydrochloride 40 MG Oral Tablet, Extended Release
977917	TMSY	has_tradename	977915	CD	Oxymorphone Hydrochloride 40 MG Oral Tablet, Extended Release
977917	BD	has_tradename	977915	DP	OXYMORPHONE HYDROCHLORIDE 40 mg ORAL TABLET, FILM COATED, EXTENDED RELEASE
977917	DP	has_tradename	977915	DP	OXYMORPHONE HYDROCHLORIDE 40 mg ORAL TABLET, FILM COATED, EXTENDED RELEASE
977917	PSN	has_tradename	977915	DP	OXYMORPHONE HYDROCHLORIDE 40 mg ORAL TABLET, FILM COATED, EXTENDED RELEASE
977917	SBD	has_tradename	977915	DP	OXYMORPHONE HYDROCHLORIDE 40 mg ORAL TABLET, FILM COATED, EXTENDED RELEASE
977917	SY	has_tradename	977915	DP	OXYMORPHONE HYDROCHLORIDE 40 mg ORAL TABLET, FILM COATED, EXTENDED RELEASE
977917	TMSY	has_tradename	977915	DP	OXYMORPHONE HYDROCHLORIDE 40 mg ORAL TABLET, FILM COATED, EXTENDED RELEASE
977917	BD	has_tradename	977915	CD	Oxymorphone Hydrochloride 40mg Oral tablet, extended release
977917	DP	has_tradename	977915	CD	Oxymorphone Hydrochloride 40mg Oral tablet, extended release
977917	PSN	has_tradename	977915	CD	Oxymorphone Hydrochloride 40mg Oral tablet, extended release
977917	SBD	has_tradename	977915	CD	Oxymorphone Hydrochloride 40mg Oral tablet, extended release
977917	SY	has_tradename	977915	CD	Oxymorphone Hydrochloride 40mg Oral tablet, extended release
977917	TMSY	has_tradename	977915	CD	Oxymorphone Hydrochloride 40mg Oral tablet, extended release
977917	BD	has_tradename	977915	BD	Oxymorphone Hydrochloride ER, 40 mg oral tablet, extended release
977917	DP	has_tradename	977915	BD	Oxymorphone Hydrochloride ER, 40 mg oral tablet, extended release
977917	PSN	has_tradename	977915	BD	Oxymorphone Hydrochloride ER, 40 mg oral tablet, extended release
977917	SBD	has_tradename	977915	BD	Oxymorphone Hydrochloride ER, 40 mg oral tablet, extended release
977917	SY	has_tradename	977915	BD	Oxymorphone Hydrochloride ER, 40 mg oral tablet, extended release
977917	TMSY	has_tradename	977915	BD	Oxymorphone Hydrochloride ER, 40 mg oral tablet, extended release
977919	SBD	has_tradename	977918	SCD	oxymorphone hydrochloride 40 MG Extended Release Oral Tablet
977919	SBD	has_tradename	977918	TMSY	oxyMORphone hydrochloride 40 MG Extended Release Oral Tablet
977919	SY	has_tradename	977918	SCD	oxymorphone hydrochloride 40 MG Extended Release Oral Tablet
977919	SY	has_tradename	977918	TMSY	oxyMORphone hydrochloride 40 MG Extended Release Oral Tablet
977919	TMSY	has_tradename	977918	SCD	oxymorphone hydrochloride 40 MG Extended Release Oral Tablet
977919	TMSY	has_tradename	977918	TMSY	oxyMORphone hydrochloride 40 MG Extended Release Oral Tablet
977925	BD	has_tradename	977923	SCD	12 HR oxymorphone hydrochloride 5 MG Extended Release Oral Tablet
977925	BD	has_tradename	977923	TMSY	12 HR oxyMORphone hydrochloride 5 MG Extended Release Oral Tablet
977925	DP	has_tradename	977923	SCD	12 HR oxymorphone hydrochloride 5 MG Extended Release Oral Tablet
977925	DP	has_tradename	977923	TMSY	12 HR oxyMORphone hydrochloride 5 MG Extended Release Oral Tablet
977925	PSN	has_tradename	977923	SCD	12 HR oxymorphone hydrochloride 5 MG Extended Release Oral Tablet
977925	PSN	has_tradename	977923	TMSY	12 HR oxyMORphone hydrochloride 5 MG Extended Release Oral Tablet
977925	SBD	has_tradename	977923	SCD	12 HR oxymorphone hydrochloride 5 MG Extended Release Oral Tablet
977925	SBD	has_tradename	977923	TMSY	12 HR oxyMORphone hydrochloride 5 MG Extended Release Oral Tablet
977925	SY	has_tradename	977923	SCD	12 HR oxymorphone hydrochloride 5 MG Extended Release Oral Tablet
977925	SY	has_tradename	977923	TMSY	12 HR oxyMORphone hydrochloride 5 MG Extended Release Oral Tablet
977925	TMSY	has_tradename	977923	SCD	12 HR oxymorphone hydrochloride 5 MG Extended Release Oral Tablet
977925	TMSY	has_tradename	977923	TMSY	12 HR oxyMORphone hydrochloride 5 MG Extended Release Oral Tablet
977925	BD	has_tradename	977923	CD	oxyMORphone 5 mg oral tablet, extended release
977925	DP	has_tradename	977923	CD	oxyMORphone 5 mg oral tablet, extended release
977925	PSN	has_tradename	977923	CD	oxyMORphone 5 mg oral tablet, extended release
977925	SBD	has_tradename	977923	CD	oxyMORphone 5 mg oral tablet, extended release
977925	SY	has_tradename	977923	CD	oxyMORphone 5 mg oral tablet, extended release
977925	TMSY	has_tradename	977923	CD	oxyMORphone 5 mg oral tablet, extended release
977925	BD	has_tradename	977923	PSN	oxyMORphone HCl 5 MG 12HR Extended Release Oral Tablet
977925	DP	has_tradename	977923	PSN	oxyMORphone HCl 5 MG 12HR Extended Release Oral Tablet
977925	PSN	has_tradename	977923	PSN	oxyMORphone HCl 5 MG 12HR Extended Release Oral Tablet
977925	SBD	has_tradename	977923	PSN	oxyMORphone HCl 5 MG 12HR Extended Release Oral Tablet
977925	SY	has_tradename	977923	PSN	oxyMORphone HCl 5 MG 12HR Extended Release Oral Tablet
977925	TMSY	has_tradename	977923	PSN	oxyMORphone HCl 5 MG 12HR Extended Release Oral Tablet
977925	BD	has_tradename	977923	CDA	oxymorphone HCl 5 mg ORAL TABLET, EXTENDED RELEASE 12 HR
977925	BD	has_tradename	977923	CDC	oxymorphone HCl 5 mg ORAL TABLET, EXTENDED RELEASE 12 HR
977925	DP	has_tradename	977923	CDA	oxymorphone HCl 5 mg ORAL TABLET, EXTENDED RELEASE 12 HR
977925	DP	has_tradename	977923	CDC	oxymorphone HCl 5 mg ORAL TABLET, EXTENDED RELEASE 12 HR
977925	PSN	has_tradename	977923	CDA	oxymorphone HCl 5 mg ORAL TABLET, EXTENDED RELEASE 12 HR
977925	PSN	has_tradename	977923	CDC	oxymorphone HCl 5 mg ORAL TABLET, EXTENDED RELEASE 12 HR
977925	SBD	has_tradename	977923	CDA	oxymorphone HCl 5 mg ORAL TABLET, EXTENDED RELEASE 12 HR
977925	SBD	has_tradename	977923	CDC	oxymorphone HCl 5 mg ORAL TABLET, EXTENDED RELEASE 12 HR
977925	SY	has_tradename	977923	CDA	oxymorphone HCl 5 mg ORAL TABLET, EXTENDED RELEASE 12 HR
977925	SY	has_tradename	977923	CDC	oxymorphone HCl 5 mg ORAL TABLET, EXTENDED RELEASE 12 HR
977925	TMSY	has_tradename	977923	CDA	oxymorphone HCl 5 mg ORAL TABLET, EXTENDED RELEASE 12 HR
977925	TMSY	has_tradename	977923	CDC	oxymorphone HCl 5 mg ORAL TABLET, EXTENDED RELEASE 12 HR
977925	BD	has_tradename	977923	CDA	oxymorphone HCl 5 mg ORAL TABLET,ORAL ONLY,EXTENDED RELEASE 12 HR
977925	BD	has_tradename	977923	CDC	oxymorphone HCl 5 mg ORAL TABLET,ORAL ONLY,EXTENDED RELEASE 12 HR
977925	DP	has_tradename	977923	CDA	oxymorphone HCl 5 mg ORAL TABLET,ORAL ONLY,EXTENDED RELEASE 12 HR
977925	DP	has_tradename	977923	CDC	oxymorphone HCl 5 mg ORAL TABLET,ORAL ONLY,EXTENDED RELEASE 12 HR
977925	PSN	has_tradename	977923	CDA	oxymorphone HCl 5 mg ORAL TABLET,ORAL ONLY,EXTENDED RELEASE 12 HR
977925	PSN	has_tradename	977923	CDC	oxymorphone HCl 5 mg ORAL TABLET,ORAL ONLY,EXTENDED RELEASE 12 HR
977925	SBD	has_tradename	977923	CDA	oxymorphone HCl 5 mg ORAL TABLET,ORAL ONLY,EXTENDED RELEASE 12 HR
977925	SBD	has_tradename	977923	CDC	oxymorphone HCl 5 mg ORAL TABLET,ORAL ONLY,EXTENDED RELEASE 12 HR
977925	SY	has_tradename	977923	CDA	oxymorphone HCl 5 mg ORAL TABLET,ORAL ONLY,EXTENDED RELEASE 12 HR
977925	SY	has_tradename	977923	CDC	oxymorphone HCl 5 mg ORAL TABLET,ORAL ONLY,EXTENDED RELEASE 12 HR
977925	TMSY	has_tradename	977923	CDA	oxymorphone HCl 5 mg ORAL TABLET,ORAL ONLY,EXTENDED RELEASE 12 HR
977925	TMSY	has_tradename	977923	CDC	oxymorphone HCl 5 mg ORAL TABLET,ORAL ONLY,EXTENDED RELEASE 12 HR
977925	BD	has_tradename	977923	AB	OXYMORPHONE HCL 5MG SA TAB
977925	DP	has_tradename	977923	AB	OXYMORPHONE HCL 5MG SA TAB
977925	PSN	has_tradename	977923	AB	OXYMORPHONE HCL 5MG SA TAB
977925	SBD	has_tradename	977923	AB	OXYMORPHONE HCL 5MG SA TAB
977925	SY	has_tradename	977923	AB	OXYMORPHONE HCL 5MG SA TAB
977925	TMSY	has_tradename	977923	AB	OXYMORPHONE HCL 5MG SA TAB
977925	BD	has_tradename	977923	AB	OXYMORPHONE HCL 5MG SA TAB UD
977925	DP	has_tradename	977923	AB	OXYMORPHONE HCL 5MG SA TAB UD
977925	PSN	has_tradename	977923	AB	OXYMORPHONE HCL 5MG SA TAB UD
977925	SBD	has_tradename	977923	AB	OXYMORPHONE HCL 5MG SA TAB UD
977925	SY	has_tradename	977923	AB	OXYMORPHONE HCL 5MG SA TAB UD
977925	TMSY	has_tradename	977923	AB	OXYMORPHONE HCL 5MG SA TAB UD
977925	BD	has_tradename	977923	CD	OXYMORPHONE HCL 5MG TAB,SA
977925	DP	has_tradename	977923	CD	OXYMORPHONE HCL 5MG TAB,SA
977925	PSN	has_tradename	977923	CD	OXYMORPHONE HCL 5MG TAB,SA
977925	SBD	has_tradename	977923	CD	OXYMORPHONE HCL 5MG TAB,SA
977925	SY	has_tradename	977923	CD	OXYMORPHONE HCL 5MG TAB,SA
977925	TMSY	has_tradename	977923	CD	OXYMORPHONE HCL 5MG TAB,SA
977925	BD	has_tradename	977923	CD	OXYMORPHONE HCL 5MG TAB,SA,UD
977925	DP	has_tradename	977923	CD	OXYMORPHONE HCL 5MG TAB,SA,UD
977925	PSN	has_tradename	977923	CD	OXYMORPHONE HCL 5MG TAB,SA,UD
977925	SBD	has_tradename	977923	CD	OXYMORPHONE HCL 5MG TAB,SA,UD
977925	SY	has_tradename	977923	CD	OXYMORPHONE HCL 5MG TAB,SA,UD
977925	TMSY	has_tradename	977923	CD	OXYMORPHONE HCL 5MG TAB,SA,UD
977925	BD	has_tradename	977923	CDD	oxymorphone HCl@5 mg@ORAL@TABLET, EXTENDED RELEASE 12 HR
977925	DP	has_tradename	977923	CDD	oxymorphone HCl@5 mg@ORAL@TABLET, EXTENDED RELEASE 12 HR
977925	PSN	has_tradename	977923	CDD	oxymorphone HCl@5 mg@ORAL@TABLET, EXTENDED RELEASE 12 HR
977925	SBD	has_tradename	977923	CDD	oxymorphone HCl@5 mg@ORAL@TABLET, EXTENDED RELEASE 12 HR
977925	SY	has_tradename	977923	CDD	oxymorphone HCl@5 mg@ORAL@TABLET, EXTENDED RELEASE 12 HR
977925	TMSY	has_tradename	977923	CDD	oxymorphone HCl@5 mg@ORAL@TABLET, EXTENDED RELEASE 12 HR
977925	BD	has_tradename	977923	CDD	oxymorphone HCl@5 mg@ORAL@TABLET,ORAL ONLY,EXTENDED RELEASE 12 HR
977925	DP	has_tradename	977923	CDD	oxymorphone HCl@5 mg@ORAL@TABLET,ORAL ONLY,EXTENDED RELEASE 12 HR
977925	PSN	has_tradename	977923	CDD	oxymorphone HCl@5 mg@ORAL@TABLET,ORAL ONLY,EXTENDED RELEASE 12 HR
977925	SBD	has_tradename	977923	CDD	oxymorphone HCl@5 mg@ORAL@TABLET,ORAL ONLY,EXTENDED RELEASE 12 HR
977925	SY	has_tradename	977923	CDD	oxymorphone HCl@5 mg@ORAL@TABLET,ORAL ONLY,EXTENDED RELEASE 12 HR
977925	TMSY	has_tradename	977923	CDD	oxymorphone HCl@5 mg@ORAL@TABLET,ORAL ONLY,EXTENDED RELEASE 12 HR
977925	BD	has_tradename	977923	SY	oxymorphone hydrochloride 5 MG 12 HR Extended Release Oral Tablet
977925	BD	has_tradename	977923	TMSY	oxyMORphone hydrochloride 5 MG 12 HR Extended Release Oral Tablet
977925	DP	has_tradename	977923	SY	oxymorphone hydrochloride 5 MG 12 HR Extended Release Oral Tablet
977925	DP	has_tradename	977923	TMSY	oxyMORphone hydrochloride 5 MG 12 HR Extended Release Oral Tablet
977925	PSN	has_tradename	977923	SY	oxymorphone hydrochloride 5 MG 12 HR Extended Release Oral Tablet
977925	PSN	has_tradename	977923	TMSY	oxyMORphone hydrochloride 5 MG 12 HR Extended Release Oral Tablet
977925	SBD	has_tradename	977923	SY	oxymorphone hydrochloride 5 MG 12 HR Extended Release Oral Tablet
977925	SBD	has_tradename	977923	TMSY	oxyMORphone hydrochloride 5 MG 12 HR Extended Release Oral Tablet
977925	SY	has_tradename	977923	SY	oxymorphone hydrochloride 5 MG 12 HR Extended Release Oral Tablet
977925	SY	has_tradename	977923	TMSY	oxyMORphone hydrochloride 5 MG 12 HR Extended Release Oral Tablet
977925	TMSY	has_tradename	977923	SY	oxymorphone hydrochloride 5 MG 12 HR Extended Release Oral Tablet
977925	TMSY	has_tradename	977923	TMSY	oxyMORphone hydrochloride 5 MG 12 HR Extended Release Oral Tablet
977925	BD	has_tradename	977923	CD	Oxymorphone Hydrochloride 5 MG Oral Tablet, Extended Release
977925	DP	has_tradename	977923	CD	Oxymorphone Hydrochloride 5 MG Oral Tablet, Extended Release
977925	PSN	has_tradename	977923	CD	Oxymorphone Hydrochloride 5 MG Oral Tablet, Extended Release
977925	SBD	has_tradename	977923	CD	Oxymorphone Hydrochloride 5 MG Oral Tablet, Extended Release
977925	SY	has_tradename	977923	CD	Oxymorphone Hydrochloride 5 MG Oral Tablet, Extended Release
977925	TMSY	has_tradename	977923	CD	Oxymorphone Hydrochloride 5 MG Oral Tablet, Extended Release
977925	BD	has_tradename	977923	DP	OXYMORPHONE HYDROCHLORIDE 5 mg ORAL TABLET, FILM COATED, EXTENDED RELEASE
977925	DP	has_tradename	977923	DP	OXYMORPHONE HYDROCHLORIDE 5 mg ORAL TABLET, FILM COATED, EXTENDED RELEASE
977925	PSN	has_tradename	977923	DP	OXYMORPHONE HYDROCHLORIDE 5 mg ORAL TABLET, FILM COATED, EXTENDED RELEASE
977925	SBD	has_tradename	977923	DP	OXYMORPHONE HYDROCHLORIDE 5 mg ORAL TABLET, FILM COATED, EXTENDED RELEASE
977925	SY	has_tradename	977923	DP	OXYMORPHONE HYDROCHLORIDE 5 mg ORAL TABLET, FILM COATED, EXTENDED RELEASE
977925	TMSY	has_tradename	977923	DP	OXYMORPHONE HYDROCHLORIDE 5 mg ORAL TABLET, FILM COATED, EXTENDED RELEASE
977925	BD	has_tradename	977923	CD	Oxymorphone Hydrochloride 5mg Oral tablet, extended release
977925	DP	has_tradename	977923	CD	Oxymorphone Hydrochloride 5mg Oral tablet, extended release
977925	PSN	has_tradename	977923	CD	Oxymorphone Hydrochloride 5mg Oral tablet, extended release
977925	SBD	has_tradename	977923	CD	Oxymorphone Hydrochloride 5mg Oral tablet, extended release
977925	SY	has_tradename	977923	CD	Oxymorphone Hydrochloride 5mg Oral tablet, extended release
977925	TMSY	has_tradename	977923	CD	Oxymorphone Hydrochloride 5mg Oral tablet, extended release
977925	BD	has_tradename	977923	BD	Oxymorphone Hydrochloride ER, 5 mg oral tablet, extended release
977925	DP	has_tradename	977923	BD	Oxymorphone Hydrochloride ER, 5 mg oral tablet, extended release
977925	PSN	has_tradename	977923	BD	Oxymorphone Hydrochloride ER, 5 mg oral tablet, extended release
977925	SBD	has_tradename	977923	BD	Oxymorphone Hydrochloride ER, 5 mg oral tablet, extended release
977925	SY	has_tradename	977923	BD	Oxymorphone Hydrochloride ER, 5 mg oral tablet, extended release
977925	TMSY	has_tradename	977923	BD	Oxymorphone Hydrochloride ER, 5 mg oral tablet, extended release
977927	SBD	has_tradename	977926	SCD	oxymorphone hydrochloride 5 MG Extended Release Oral Tablet
977927	SBD	has_tradename	977926	TMSY	oxyMORphone hydrochloride 5 MG Extended Release Oral Tablet
977927	SY	has_tradename	977926	SCD	oxymorphone hydrochloride 5 MG Extended Release Oral Tablet
977927	SY	has_tradename	977926	TMSY	oxyMORphone hydrochloride 5 MG Extended Release Oral Tablet
977927	TMSY	has_tradename	977926	SCD	oxymorphone hydrochloride 5 MG Extended Release Oral Tablet
977927	TMSY	has_tradename	977926	TMSY	oxyMORphone hydrochloride 5 MG Extended Release Oral Tablet
977933	SBD	has_tradename	977932	SCD	oxymorphone hydrochloride 7.5 MG Extended Release Oral Tablet
977933	SBD	has_tradename	977932	TMSY	oxyMORphone hydrochloride 7.5 MG Extended Release Oral Tablet
977933	SY	has_tradename	977932	SCD	oxymorphone hydrochloride 7.5 MG Extended Release Oral Tablet
977933	SY	has_tradename	977932	TMSY	oxyMORphone hydrochloride 7.5 MG Extended Release Oral Tablet
977933	TMSY	has_tradename	977932	SCD	oxymorphone hydrochloride 7.5 MG Extended Release Oral Tablet
977933	TMSY	has_tradename	977932	TMSY	oxyMORphone hydrochloride 7.5 MG Extended Release Oral Tablet
977937	BD	has_tradename	977935	SCD	1 ML oxymorphone hydrochloride 1 MG/ML Injection
977937	BD	has_tradename	977935	TMSY	1 ML oxyMORphone hydrochloride 1 MG/ML Injection
977937	PSN	has_tradename	977935	SCD	1 ML oxymorphone hydrochloride 1 MG/ML Injection
977937	PSN	has_tradename	977935	TMSY	1 ML oxyMORphone hydrochloride 1 MG/ML Injection
977937	SBD	has_tradename	977935	SCD	1 ML oxymorphone hydrochloride 1 MG/ML Injection
977937	SBD	has_tradename	977935	TMSY	1 ML oxyMORphone hydrochloride 1 MG/ML Injection
977937	SY	has_tradename	977935	SCD	1 ML oxymorphone hydrochloride 1 MG/ML Injection
977937	SY	has_tradename	977935	TMSY	1 ML oxyMORphone hydrochloride 1 MG/ML Injection
977937	TMSY	has_tradename	977935	SCD	1 ML oxymorphone hydrochloride 1 MG/ML Injection
977937	TMSY	has_tradename	977935	TMSY	1 ML oxyMORphone hydrochloride 1 MG/ML Injection
977937	BD	has_tradename	977935	CD	oxyMORphone 1 mg/mL injectable solution
977937	PSN	has_tradename	977935	CD	oxyMORphone 1 mg/mL injectable solution
977937	SBD	has_tradename	977935	CD	oxyMORphone 1 mg/mL injectable solution
977937	SY	has_tradename	977935	CD	oxyMORphone 1 mg/mL injectable solution
977937	TMSY	has_tradename	977935	CD	oxyMORphone 1 mg/mL injectable solution
977937	BD	has_tradename	977935	PSN	oxyMORphone HCl 1 MG in 1 ML Injection
977937	PSN	has_tradename	977935	PSN	oxyMORphone HCl 1 MG in 1 ML Injection
977937	SBD	has_tradename	977935	PSN	oxyMORphone HCl 1 MG in 1 ML Injection
977937	SY	has_tradename	977935	PSN	oxyMORphone HCl 1 MG in 1 ML Injection
977937	TMSY	has_tradename	977935	PSN	oxyMORphone HCl 1 MG in 1 ML Injection
977937	BD	has_tradename	977935	CDA	oxymorphone HCl 1 mg/mL INJECTION AMPUL (ML)
977937	BD	has_tradename	977935	CDC	oxymorphone HCl 1 mg/mL INJECTION AMPUL (ML)
977937	PSN	has_tradename	977935	CDA	oxymorphone HCl 1 mg/mL INJECTION AMPUL (ML)
977937	PSN	has_tradename	977935	CDC	oxymorphone HCl 1 mg/mL INJECTION AMPUL (ML)
977937	SBD	has_tradename	977935	CDA	oxymorphone HCl 1 mg/mL INJECTION AMPUL (ML)
977937	SBD	has_tradename	977935	CDC	oxymorphone HCl 1 mg/mL INJECTION AMPUL (ML)
977937	SY	has_tradename	977935	CDA	oxymorphone HCl 1 mg/mL INJECTION AMPUL (ML)
977937	SY	has_tradename	977935	CDC	oxymorphone HCl 1 mg/mL INJECTION AMPUL (ML)
977937	TMSY	has_tradename	977935	CDA	oxymorphone HCl 1 mg/mL INJECTION AMPUL (ML)
977937	TMSY	has_tradename	977935	CDC	oxymorphone HCl 1 mg/mL INJECTION AMPUL (ML)
977937	BD	has_tradename	977935	CD	OXYMORPHONE HCL 1MG/ML INJ
977937	PSN	has_tradename	977935	CD	OXYMORPHONE HCL 1MG/ML INJ
977937	SBD	has_tradename	977935	CD	OXYMORPHONE HCL 1MG/ML INJ
977937	SY	has_tradename	977935	CD	OXYMORPHONE HCL 1MG/ML INJ
977937	TMSY	has_tradename	977935	CD	OXYMORPHONE HCL 1MG/ML INJ
977937	BD	has_tradename	977935	CDD	oxymorphone HCl@1 mg/mL@INJECTION@AMPUL (ML)
977937	PSN	has_tradename	977935	CDD	oxymorphone HCl@1 mg/mL@INJECTION@AMPUL (ML)
977937	SBD	has_tradename	977935	CDD	oxymorphone HCl@1 mg/mL@INJECTION@AMPUL (ML)
977937	SY	has_tradename	977935	CDD	oxymorphone HCl@1 mg/mL@INJECTION@AMPUL (ML)
977937	TMSY	has_tradename	977935	CDD	oxymorphone HCl@1 mg/mL@INJECTION@AMPUL (ML)
977937	BD	has_tradename	977935	SY	oxymorphone hydrochloride 1 MG per 1 ML Injection
977937	BD	has_tradename	977935	TMSY	oxyMORphone hydrochloride 1 MG per 1 ML Injection
977937	PSN	has_tradename	977935	SY	oxymorphone hydrochloride 1 MG per 1 ML Injection
977937	PSN	has_tradename	977935	TMSY	oxyMORphone hydrochloride 1 MG per 1 ML Injection
977937	SBD	has_tradename	977935	SY	oxymorphone hydrochloride 1 MG per 1 ML Injection
977937	SBD	has_tradename	977935	TMSY	oxyMORphone hydrochloride 1 MG per 1 ML Injection
977937	SY	has_tradename	977935	SY	oxymorphone hydrochloride 1 MG per 1 ML Injection
977937	SY	has_tradename	977935	TMSY	oxyMORphone hydrochloride 1 MG per 1 ML Injection
977937	TMSY	has_tradename	977935	SY	oxymorphone hydrochloride 1 MG per 1 ML Injection
977937	TMSY	has_tradename	977935	TMSY	oxyMORphone hydrochloride 1 MG per 1 ML Injection
977937	BD	has_tradename	977935	CD	Oxymorphone Hydrochloride 1 MG/1 ML Injection Solution
977937	PSN	has_tradename	977935	CD	Oxymorphone Hydrochloride 1 MG/1 ML Injection Solution
977937	SBD	has_tradename	977935	CD	Oxymorphone Hydrochloride 1 MG/1 ML Injection Solution
977937	SY	has_tradename	977935	CD	Oxymorphone Hydrochloride 1 MG/1 ML Injection Solution
977937	TMSY	has_tradename	977935	CD	Oxymorphone Hydrochloride 1 MG/1 ML Injection Solution
1012158	SBDC	has_tradename	993780	SCDC	codeine phosphate 30 MG
1012162	SBDC	has_tradename	993889	SCDC	codeine phosphate 60 MG
1012160	BD	has_tradename	994059	SCD	acetaminophen 650 MG / codeine phosphate 30 MG Oral Tablet
1012160	PSN	has_tradename	994059	SCD	acetaminophen 650 MG / codeine phosphate 30 MG Oral Tablet
1012160	SBD	has_tradename	994059	SCD	acetaminophen 650 MG / codeine phosphate 30 MG Oral Tablet
1012160	SY	has_tradename	994059	SCD	acetaminophen 650 MG / codeine phosphate 30 MG Oral Tablet
1012160	BD	has_tradename	994059	CDA	acetaminophen with codeine 650 mg-30 mg ORAL TABLET
1012160	PSN	has_tradename	994059	CDA	acetaminophen with codeine 650 mg-30 mg ORAL TABLET
1012160	SBD	has_tradename	994059	CDA	acetaminophen with codeine 650 mg-30 mg ORAL TABLET
1012160	SY	has_tradename	994059	CDA	acetaminophen with codeine 650 mg-30 mg ORAL TABLET
1012160	BD	has_tradename	994059	CDC	acetaminophen with codeine phosphate 650 mg-30 mg ORAL TABLET
1012160	PSN	has_tradename	994059	CDC	acetaminophen with codeine phosphate 650 mg-30 mg ORAL TABLET
1012160	SBD	has_tradename	994059	CDC	acetaminophen with codeine phosphate 650 mg-30 mg ORAL TABLET
1012160	SY	has_tradename	994059	CDC	acetaminophen with codeine phosphate 650 mg-30 mg ORAL TABLET
1012160	BD	has_tradename	994059	CDD	acetaminophen with codeine phosphate@650 mg-30 mg@ORAL@TABLET
1012160	PSN	has_tradename	994059	CDD	acetaminophen with codeine phosphate@650 mg-30 mg@ORAL@TABLET
1012160	SBD	has_tradename	994059	CDD	acetaminophen with codeine phosphate@650 mg-30 mg@ORAL@TABLET
1012160	SY	has_tradename	994059	CDD	acetaminophen with codeine phosphate@650 mg-30 mg@ORAL@TABLET
1012160	BD	has_tradename	994059	CD	acetaminophen-codeine 650 mg-30 mg oral tablet
1012160	PSN	has_tradename	994059	CD	acetaminophen-codeine 650 mg-30 mg oral tablet
1012160	SBD	has_tradename	994059	CD	acetaminophen-codeine 650 mg-30 mg oral tablet
1012160	SY	has_tradename	994059	CD	acetaminophen-codeine 650 mg-30 mg oral tablet
1012160	BD	has_tradename	994059	CD	Acetaminophen/Codeine Phosphate 650 MG-30 MG Oral Tablet
1012160	PSN	has_tradename	994059	CD	Acetaminophen/Codeine Phosphate 650 MG-30 MG Oral Tablet
1012160	SBD	has_tradename	994059	CD	Acetaminophen/Codeine Phosphate 650 MG-30 MG Oral Tablet
1012160	SY	has_tradename	994059	CD	Acetaminophen/Codeine Phosphate 650 MG-30 MG Oral Tablet
1012160	BD	has_tradename	994059	SY	APAP 650 MG / codeine phosphate 30 MG Oral Tablet
1012160	PSN	has_tradename	994059	SY	APAP 650 MG / codeine phosphate 30 MG Oral Tablet
1012160	SBD	has_tradename	994059	SY	APAP 650 MG / codeine phosphate 30 MG Oral Tablet
1012160	SY	has_tradename	994059	SY	APAP 650 MG / codeine phosphate 30 MG Oral Tablet
1012160	BD	has_tradename	994059	AB	CODEINE 30/ACETAMINOPHEN 650MG TAB
1012160	PSN	has_tradename	994059	AB	CODEINE 30/ACETAMINOPHEN 650MG TAB
1012160	SBD	has_tradename	994059	AB	CODEINE 30/ACETAMINOPHEN 650MG TAB
1012160	SY	has_tradename	994059	AB	CODEINE 30/ACETAMINOPHEN 650MG TAB
1012160	BD	has_tradename	994059	CD	CODEINE 30MG/ACETAMINOPHEN 650MG TAB
1012160	PSN	has_tradename	994059	CD	CODEINE 30MG/ACETAMINOPHEN 650MG TAB
1012160	SBD	has_tradename	994059	CD	CODEINE 30MG/ACETAMINOPHEN 650MG TAB
1012160	SY	has_tradename	994059	CD	CODEINE 30MG/ACETAMINOPHEN 650MG TAB
1012160	BD	has_tradename	994059	PSN	codeine phosphate 30 MG / acetaminophen 650 MG Oral Tablet
1012160	PSN	has_tradename	994059	PSN	codeine phosphate 30 MG / acetaminophen 650 MG Oral Tablet
1012160	SBD	has_tradename	994059	PSN	codeine phosphate 30 MG / acetaminophen 650 MG Oral Tablet
1012160	SY	has_tradename	994059	PSN	codeine phosphate 30 MG / acetaminophen 650 MG Oral Tablet
1012164	BD	has_tradename	996983	SCD	acetaminophen 650 MG / codeine phosphate 60 MG Oral Tablet
1012164	PSN	has_tradename	996983	SCD	acetaminophen 650 MG / codeine phosphate 60 MG Oral Tablet
1012164	SBD	has_tradename	996983	SCD	acetaminophen 650 MG / codeine phosphate 60 MG Oral Tablet
1012164	SY	has_tradename	996983	SCD	acetaminophen 650 MG / codeine phosphate 60 MG Oral Tablet
1012164	BD	has_tradename	996983	DP	ACETAMINOPHEN 650 MILLIGRAM In 1 TABLET / CODEINE PHOSPHATE 60 MILLIGRAM In 1 TABLET ORAL TABLET
1012164	PSN	has_tradename	996983	DP	ACETAMINOPHEN 650 MILLIGRAM In 1 TABLET / CODEINE PHOSPHATE 60 MILLIGRAM In 1 TABLET ORAL TABLET
1012164	SBD	has_tradename	996983	DP	ACETAMINOPHEN 650 MILLIGRAM In 1 TABLET / CODEINE PHOSPHATE 60 MILLIGRAM In 1 TABLET ORAL TABLET
1012164	SY	has_tradename	996983	DP	ACETAMINOPHEN 650 MILLIGRAM In 1 TABLET / CODEINE PHOSPHATE 60 MILLIGRAM In 1 TABLET ORAL TABLET
1012164	BD	has_tradename	996983	CDA	acetaminophen with codeine 650 mg-60 mg ORAL TABLET
1012164	PSN	has_tradename	996983	CDA	acetaminophen with codeine 650 mg-60 mg ORAL TABLET
1012164	SBD	has_tradename	996983	CDA	acetaminophen with codeine 650 mg-60 mg ORAL TABLET
1012164	SY	has_tradename	996983	CDA	acetaminophen with codeine 650 mg-60 mg ORAL TABLET
1012164	BD	has_tradename	996983	CDC	acetaminophen with codeine phosphate 650 mg-60 mg ORAL TABLET
1012164	PSN	has_tradename	996983	CDC	acetaminophen with codeine phosphate 650 mg-60 mg ORAL TABLET
1012164	SBD	has_tradename	996983	CDC	acetaminophen with codeine phosphate 650 mg-60 mg ORAL TABLET
1012164	SY	has_tradename	996983	CDC	acetaminophen with codeine phosphate 650 mg-60 mg ORAL TABLET
1012164	BD	has_tradename	996983	CDD	acetaminophen with codeine phosphate@650 mg-60 mg@ORAL@TABLET
1012164	PSN	has_tradename	996983	CDD	acetaminophen with codeine phosphate@650 mg-60 mg@ORAL@TABLET
1012164	SBD	has_tradename	996983	CDD	acetaminophen with codeine phosphate@650 mg-60 mg@ORAL@TABLET
1012164	SY	has_tradename	996983	CDD	acetaminophen with codeine phosphate@650 mg-60 mg@ORAL@TABLET
1012164	BD	has_tradename	996983	CD	acetaminophen-codeine 650 mg-60 mg oral tablet
1012164	PSN	has_tradename	996983	CD	acetaminophen-codeine 650 mg-60 mg oral tablet
1012164	SBD	has_tradename	996983	CD	acetaminophen-codeine 650 mg-60 mg oral tablet
1012164	SY	has_tradename	996983	CD	acetaminophen-codeine 650 mg-60 mg oral tablet
1012164	BD	has_tradename	996983	CD	Acetaminophen/Codeine Phosphate 650 MG-60 MG Oral Tablet
1012164	PSN	has_tradename	996983	CD	Acetaminophen/Codeine Phosphate 650 MG-60 MG Oral Tablet
1012164	SBD	has_tradename	996983	CD	Acetaminophen/Codeine Phosphate 650 MG-60 MG Oral Tablet
1012164	SY	has_tradename	996983	CD	Acetaminophen/Codeine Phosphate 650 MG-60 MG Oral Tablet
1012164	BD	has_tradename	996983	SY	APAP 650 MG / codeine phosphate 60 MG Oral Tablet
1012164	PSN	has_tradename	996983	SY	APAP 650 MG / codeine phosphate 60 MG Oral Tablet
1012164	SBD	has_tradename	996983	SY	APAP 650 MG / codeine phosphate 60 MG Oral Tablet
1012164	SY	has_tradename	996983	SY	APAP 650 MG / codeine phosphate 60 MG Oral Tablet
1012164	BD	has_tradename	996983	PSN	codeine phosphate 60 MG / acetaminophen 650 MG Oral Tablet
1012164	PSN	has_tradename	996983	PSN	codeine phosphate 60 MG / acetaminophen 650 MG Oral Tablet
1012164	SBD	has_tradename	996983	PSN	codeine phosphate 60 MG / acetaminophen 650 MG Oral Tablet
1012164	SY	has_tradename	996983	PSN	codeine phosphate 60 MG / acetaminophen 650 MG Oral Tablet
562647	SCD	tradename_of	213970	SY	B & O Supprettes 15-A Rectal Suppository
562647	SCD	tradename_of	213970	BD	B & O Supprettes No. 15A 16.2mg-30mg Rectal Suppository
562647	SCD	tradename_of	213970	BD	B and O Supprettes 15-A, 16.2 mg-30 mg rectal suppository
562647	SCD	tradename_of	213970	BD	Belladonna Alkaloids/Opium Alkaloids 16.2 MG-30 MG Rectal Suppository [B & O SUPPRETTES 15A]
562647	SCD	tradename_of	213970	SBD	belladonna extract, USP 16.2 MG / opium 30 MG Rectal Suppository [B & O Supprettes 15-A]
562648	SCD	tradename_of	213972	SY	B & O Supprettes 16-A Rectal Suppository
562648	SCD	tradename_of	213972	BD	B & O Supprettes No. 16A 16.2mg-60mg Rectal Suppository
562648	SCD	tradename_of	213972	BD	B and O Supprettes 16-A, 16.2 mg-60 mg rectal suppository
562648	SCD	tradename_of	213972	BD	Belladonna Alkaloids/Opium Alkaloids 16.2 MG-60 MG Rectal Suppository [B & O SUPPRETTES 16A]
562648	SCD	tradename_of	213972	SBD	belladonna extract, USP 16.2 MG / opium 60 MG Rectal Suppository [B & O Supprettes 16-A]
