643147	BN	has_ingredient	1182300	SBDG	Opana Injectable Product
643147	BN	has_ingredient	1182301	SBDG	Opana Oral Product
643147	BN	has_ingredient	1182302	SBDG	Opana Pill
643147	BN	has_ingredient	1809681	SBDF	oxymorphone Injection [Opana]
643147	BN	has_ingredient	1809681	TMSY	oxyMORphone Injection [Opana]
643147	BN	has_ingredient	1809684	SY	Opana 1 MG/ML Injection
643147	BN	has_ingredient	1809684	SBD	oxymorphone hydrochloride 1 MG/ML Injection [Opana]
643147	BN	has_ingredient	1809684	TMSY	oxyMORphone hydrochloride 1 MG/ML Injection [Opana]
215477	BN	has_ingredient	2268913	SBDC	guaifenesin 20 MG/ML / hydrocodone bitartrate 0.4 MG/ML / phenylephrine hydrochloride 2 MG/ML [Atuss G]
215477	BN	has_ingredient	2268913	TMSY	guaiFENesin 20 MG/ML / HYDROcodone bitartrate 0.4 MG/ML / phenylephrine hydrochloride 2 MG/ML [Atuss G]
643147	BN	has_ingredient	643149	SBDF	oxymorphone Extended Release Oral Tablet [Opana]
643147	BN	has_ingredient	643149	TMSY	oxyMORphone Extended Release Oral Tablet [Opana]
643147	BN	has_ingredient	643157	SBDF	oxymorphone Oral Tablet [Opana]
643147	BN	has_ingredient	643157	TMSY	oxyMORphone Oral Tablet [Opana]
215477	BN	has_ingredient	756878	SBDF	guaifenesin / hydrocodone / phenylephrine Oral Solution [Atuss G]
215477	BN	has_ingredient	756878	TMSY	guaiFENesin / HYDROcodone / phenylephrine Oral Solution [Atuss G]
643147	BN	has_ingredient	977875	SBDC	oxymorphone hydrochloride 10 MG [Opana]
643147	BN	has_ingredient	977875	TMSY	oxyMORphone hydrochloride 10 MG [Opana]
643147	BN	has_ingredient	977895	SBDC	oxymorphone hydrochloride 15 MG [Opana]
643147	BN	has_ingredient	977895	TMSY	oxyMORphone hydrochloride 15 MG [Opana]
643147	BN	has_ingredient	977898	SY	Opana 15 MG Extended Release Oral Tablet
643147	BN	has_ingredient	977898	SBD	oxymorphone hydrochloride 15 MG Extended Release Oral Tablet [Opana]
643147	BN	has_ingredient	977898	TMSY	oxyMORphone hydrochloride 15 MG Extended Release Oral Tablet [Opana]
643147	BN	has_ingredient	977903	SBDC	oxymorphone hydrochloride 20 MG [Opana]
643147	BN	has_ingredient	977903	TMSY	oxyMORphone hydrochloride 20 MG [Opana]
643147	BN	has_ingredient	977910	SBDC	oxymorphone hydrochloride 30 MG [Opana]
643147	BN	has_ingredient	977910	TMSY	oxyMORphone hydrochloride 30 MG [Opana]
643147	BN	has_ingredient	977916	SBDC	oxymorphone hydrochloride 40 MG [Opana]
643147	BN	has_ingredient	977916	TMSY	oxyMORphone hydrochloride 40 MG [Opana]
643147	BN	has_ingredient	977924	SBDC	oxymorphone hydrochloride 5 MG [Opana]
643147	BN	has_ingredient	977924	TMSY	oxyMORphone hydrochloride 5 MG [Opana]
643147	BN	has_ingredient	977930	SBDC	oxymorphone hydrochloride 7.5 MG [Opana]
643147	BN	has_ingredient	977930	TMSY	oxyMORphone hydrochloride 7.5 MG [Opana]
643147	BN	has_ingredient	977931	SY	12 HR Opana 7.5 MG Extended Release Oral Tablet
643147	BN	has_ingredient	977931	SBD	12 HR oxymorphone hydrochloride 7.5 MG Extended Release Oral Tablet [Opana]
643147	BN	has_ingredient	977931	TMSY	12 HR oxyMORphone hydrochloride 7.5 MG Extended Release Oral Tablet [Opana]
643147	BN	has_ingredient	977931	SY	Opana 7.5 MG 12 HR Extended Release Oral Tablet
643147	BN	has_ingredient	977931	PSN	OPANA ER 7.5 MG 12HR Extended Release Oral Tablet
643147	BN	has_ingredient	977931	BD	Opana ER 7.5mg Extended-Release Tablet
643147	BN	has_ingredient	977931	BD	Opana ER, 7.5 mg oral tablet, extended release
643147	BN	has_ingredient	977931	BD	Oxymorphone Hydrochloride 7.5 MG Oral Tablet, Extended Release [OPANA ER]
643147	BN	has_ingredient	977936	SBDC	oxymorphone hydrochloride 1 MG/ML [Opana]
643147	BN	has_ingredient	977936	TMSY	oxyMORphone hydrochloride 1 MG/ML [Opana]
643147	BN	has_ingredient	977940	PSN	Opana 5 MG Oral Tablet
643147	BN	has_ingredient	977940	SY	Opana 5 MG Oral Tablet
643147	BN	has_ingredient	977940	BD	Opana 5mg Tablet
643147	BN	has_ingredient	977940	BD	Opana, 5 mg oral tablet
643147	BN	has_ingredient	977940	BD	Oxymorphone Hydrochloride 5 MG Oral Tablet [OPANA]
643147	BN	has_ingredient	977940	SBD	oxymorphone hydrochloride 5 MG Oral Tablet [Opana]
643147	BN	has_ingredient	977940	TMSY	oxyMORphone hydrochloride 5 MG Oral Tablet [Opana]
643147	BN	has_ingredient	977943	PSN	OPANA 10 MG Oral Tablet
643147	BN	has_ingredient	977943	SY	Opana 10 MG Oral Tablet
643147	BN	has_ingredient	977943	BD	Opana 10mg Tablet
643147	BN	has_ingredient	977943	BD	Opana, 10 mg oral tablet
643147	BN	has_ingredient	977943	BD	Oxymorphone Hydrochloride 10 MG Oral Tablet [OPANA]
643147	BN	has_ingredient	977943	DP	OXYMORPHONE HYDROCHLORIDE 10 mg ORAL TABLET [OPANA]
643147	BN	has_ingredient	977943	SBD	oxymorphone hydrochloride 10 MG Oral Tablet [Opana]
643147	BN	has_ingredient	977943	TMSY	oxyMORphone hydrochloride 10 MG Oral Tablet [Opana]
376131	SCDF	ingredient_of	1191	SY	2-Acetoxybenzenecarboxylic acid
376133	SCDF	ingredient_of	1191	SY	2-Acetoxybenzenecarboxylic acid
376131	SCDF	ingredient_of	1191	SY	2-Acetoxybenzoic acid
376133	SCDF	ingredient_of	1191	SY	2-Acetoxybenzoic acid
376131	SCDF	ingredient_of	1191	BN	Acetylsalicylic Acid
376131	SCDF	ingredient_of	1191	IN	acetylsalicylic acid
376131	SCDF	ingredient_of	1191	SY	Acetylsalicylic acid
376133	SCDF	ingredient_of	1191	BN	Acetylsalicylic Acid
376133	SCDF	ingredient_of	1191	IN	acetylsalicylic acid
376133	SCDF	ingredient_of	1191	SY	Acetylsalicylic acid
376131	SCDF	ingredient_of	1191	FSY	Acetylsalicylsäure
376133	SCDF	ingredient_of	1191	FSY	Acetylsalicylsäure
376131	SCDF	ingredient_of	1191	FSY	acide 2-(acétyloxy)benzoïque
376133	SCDF	ingredient_of	1191	FSY	acide 2-(acétyloxy)benzoïque
376131	SCDF	ingredient_of	1191	FSY	Acide acétylsalicylique
376133	SCDF	ingredient_of	1191	FSY	Acide acétylsalicylique
376131	SCDF	ingredient_of	1191	FSY	ácido acetilsalicílico
376133	SCDF	ingredient_of	1191	FSY	ácido acetilsalicílico
376131	SCDF	ingredient_of	1191	FSY	Acidum acetylsalicylicum
376133	SCDF	ingredient_of	1191	FSY	Acidum acetylsalicylicum
376131	SCDF	ingredient_of	1191	SY	ASA
376133	SCDF	ingredient_of	1191	SY	ASA
376131	SCDF	ingredient_of	1191	BN	Aspirin
376131	SCDF	ingredient_of	1191	GN	aspirin
376131	SCDF	ingredient_of	1191	IN	Aspirin
376131	SCDF	ingredient_of	1191	PT	Aspirin
376131	SCDF	ingredient_of	1191	SU	Aspirin
376131	SCDF	ingredient_of	1191	SY	Aspirin
376133	SCDF	ingredient_of	1191	BN	Aspirin
376133	SCDF	ingredient_of	1191	GN	aspirin
376133	SCDF	ingredient_of	1191	IN	Aspirin
376133	SCDF	ingredient_of	1191	PT	Aspirin
376133	SCDF	ingredient_of	1191	SU	Aspirin
376133	SCDF	ingredient_of	1191	SY	Aspirin
376131	SCDF	ingredient_of	1191	FN	Aspirin (substance)
376133	SCDF	ingredient_of	1191	FN	Aspirin (substance)
376131	SCDF	ingredient_of	1191	PT	Aspirin-containing product
376133	SCDF	ingredient_of	1191	PT	Aspirin-containing product
376131	SCDF	ingredient_of	1191	FSY	Aspirina
376133	SCDF	ingredient_of	1191	FSY	Aspirina
376131	SCDF	ingredient_of	1191	FSY	Azetylsalizylsäure
376133	SCDF	ingredient_of	1191	FSY	Azetylsalizylsäure
376131	SCDF	ingredient_of	1191	SY	o-acetoxybenzoic acid
376133	SCDF	ingredient_of	1191	SY	o-acetoxybenzoic acid
376131	SCDF	ingredient_of	1191	SY	O-acetylsalicylic acid
376133	SCDF	ingredient_of	1191	SY	O-acetylsalicylic acid
376131	SCDF	ingredient_of	1191	SY	o-carboxyphenyl acetate
376133	SCDF	ingredient_of	1191	SY	o-carboxyphenyl acetate
376131	SCDF	ingredient_of	1191	FN	Product containing aspirin (medicinal product)
376133	SCDF	ingredient_of	1191	FN	Product containing aspirin (medicinal product)
376131	SCDF	ingredient_of	1191	SY	Salicylic acid acetate
376133	SCDF	ingredient_of	1191	SY	Salicylic acid acetate
370998	SCDF	ingredient_of	1359	PT	Belladonna alkaloid
370998	SCDF	ingredient_of	1359	FN	Belladonna alkaloid (substance)
370998	SCDF	ingredient_of	1359	PT	Belladonna alkaloid-containing product
370998	SCDF	ingredient_of	1359	IN	Belladonna Alkaloids
370998	SCDF	ingredient_of	1359	FN	Product containing belladonna alkaloid (medicinal product)
376131	SCDF	ingredient_of	1886	SY	1-methyltheobromine
376133	SCDF	ingredient_of	1886	SY	1-methyltheobromine
376131	SCDF	ingredient_of	1886	SY	1,3,7-trimethyl-2,6-dioxopurine
376133	SCDF	ingredient_of	1886	SY	1,3,7-trimethyl-2,6-dioxopurine
376131	SCDF	ingredient_of	1886	SY	1,3,7-trimethylpurine-2,6-dione
376133	SCDF	ingredient_of	1886	SY	1,3,7-trimethylpurine-2,6-dione
376131	SCDF	ingredient_of	1886	SY	1,3,7-trimethylxanthine
376133	SCDF	ingredient_of	1886	SY	1,3,7-trimethylxanthine
376131	SCDF	ingredient_of	1886	FSY	3,7-Dihydro-1,3,7-trimethyl-1H-purin-2,6-dion
376133	SCDF	ingredient_of	1886	FSY	3,7-Dihydro-1,3,7-trimethyl-1H-purin-2,6-dion
376131	SCDF	ingredient_of	1886	SY	7-methyltheophylline
376133	SCDF	ingredient_of	1886	SY	7-methyltheophylline
376131	SCDF	ingredient_of	1886	FSY	Cafeína
376133	SCDF	ingredient_of	1886	FSY	Cafeína
376131	SCDF	ingredient_of	1886	FSY	Caféine
376133	SCDF	ingredient_of	1886	FSY	Caféine
376131	SCDF	ingredient_of	1886	BN	Caffeine
376131	SCDF	ingredient_of	1886	GN	caffeine
376131	SCDF	ingredient_of	1886	IN	Caffeine
376131	SCDF	ingredient_of	1886	PT	Caffeine
376131	SCDF	ingredient_of	1886	SU	Caffeine
376133	SCDF	ingredient_of	1886	BN	Caffeine
376133	SCDF	ingredient_of	1886	GN	caffeine
376133	SCDF	ingredient_of	1886	IN	Caffeine
376133	SCDF	ingredient_of	1886	PT	Caffeine
376133	SCDF	ingredient_of	1886	SU	Caffeine
376131	SCDF	ingredient_of	1886	FN	Caffeine (substance)
376133	SCDF	ingredient_of	1886	FN	Caffeine (substance)
376131	SCDF	ingredient_of	1886	PT	Caffeine-containing product
376133	SCDF	ingredient_of	1886	PT	Caffeine-containing product
376131	SCDF	ingredient_of	1886	FSY	Caffeinum
376133	SCDF	ingredient_of	1886	FSY	Caffeinum
376131	SCDF	ingredient_of	1886	FSY	Coffein
376133	SCDF	ingredient_of	1886	FSY	Coffein
376131	SCDF	ingredient_of	1886	FSY	Coffeinum
376133	SCDF	ingredient_of	1886	FSY	Coffeinum
376131	SCDF	ingredient_of	1886	SY	Guaranine
376133	SCDF	ingredient_of	1886	SY	Guaranine
376131	SCDF	ingredient_of	1886	FSY	Koffein
376133	SCDF	ingredient_of	1886	FSY	Koffein
376131	SCDF	ingredient_of	1886	FSY	Mateína
376133	SCDF	ingredient_of	1886	FSY	Mateína
376131	SCDF	ingredient_of	1886	SY	Methyltheobromine
376133	SCDF	ingredient_of	1886	SY	Methyltheobromine
376131	SCDF	ingredient_of	1886	FN	Product containing caffeine (medicinal product)
376133	SCDF	ingredient_of	1886	FN	Product containing caffeine (medicinal product)
376131	SCDF	ingredient_of	1886	FSY	Teína
376133	SCDF	ingredient_of	1886	FSY	Teína
376131	SCDF	ingredient_of	1886	FSY	Thein
376133	SCDF	ingredient_of	1886	FSY	Thein
376131	SCDF	ingredient_of	1886	SY	Theine
376133	SCDF	ingredient_of	1886	SY	Theine
367574	SBDF	ingredient_of	215506	BN	B & O Supprettes 15-A
573815	SBDC	ingredient_of	215506	BN	B & O Supprettes 15-A
367574	SBDF	ingredient_of	215506	BN	B and O Supprettes 15-A
573815	SBDC	ingredient_of	215506	BN	B and O Supprettes 15-A
367573	SBDF	ingredient_of	215507	BN	B & O Supprettes 16-A
573817	SBDC	ingredient_of	215507	BN	B & O Supprettes 16-A
367573	SBDF	ingredient_of	215507	BN	B and O Supprettes 16-A
573817	SBDC	ingredient_of	215507	BN	B and O Supprettes 16-A
376132	SCDF	ingredient_of	27084	FSY	Homatropina
376132	SCDF	ingredient_of	27084	BN	Homatropine
376132	SCDF	ingredient_of	27084	GN	homatropine
376132	SCDF	ingredient_of	27084	IN	Homatropine
376132	SCDF	ingredient_of	27084	PT	Homatropine
376132	SCDF	ingredient_of	27084	SU	HOMATROPINE
376132	SCDF	ingredient_of	27084	FN	Homatropine (substance)
376132	SCDF	ingredient_of	27084	PT	Homatropine-containing product
376132	SCDF	ingredient_of	27084	FSY	Omatropina
376132	SCDF	ingredient_of	27084	FN	Product containing homatropine (medicinal product)
376132	SCDF	ingredient_of	32987	BN	Pectin
376132	SCDF	ingredient_of	32987	GN	pectin
376132	SCDF	ingredient_of	32987	IN	Pectin
376132	SCDF	ingredient_of	32987	PT	Pectin
376132	SCDF	ingredient_of	32987	SU	Pectin
376132	SCDF	ingredient_of	32987	FN	Pectin (substance)
376132	SCDF	ingredient_of	32987	PT	Pectin-containing product
376132	SCDF	ingredient_of	32987	FN	Product containing pectin (medicinal product)
376131	SCDF	ingredient_of	5975	BN	Ipecac
376131	SCDF	ingredient_of	5975	GN	ipecac
376131	SCDF	ingredient_of	5975	IN	Ipecac
376131	SCDF	ingredient_of	5975	SU	Ipecac
376133	SCDF	ingredient_of	5975	BN	Ipecac
376133	SCDF	ingredient_of	5975	GN	ipecac
376133	SCDF	ingredient_of	5975	IN	Ipecac
376133	SCDF	ingredient_of	5975	SU	Ipecac
376131	SCDF	ingredient_of	5975	AB	IPECAC SYRUP
376131	SCDF	ingredient_of	5975	BN	Ipecac Syrup
376131	SCDF	ingredient_of	5975	CD	IPECAC SYRUP
376131	SCDF	ingredient_of	5975	IN	IPECAC SYRUP
376131	SCDF	ingredient_of	5975	PT	Ipecac syrup
376131	SCDF	ingredient_of	5975	SY	Ipecac syrup
376133	SCDF	ingredient_of	5975	AB	IPECAC SYRUP
376133	SCDF	ingredient_of	5975	BN	Ipecac Syrup
376133	SCDF	ingredient_of	5975	CD	IPECAC SYRUP
376133	SCDF	ingredient_of	5975	IN	IPECAC SYRUP
376133	SCDF	ingredient_of	5975	PT	Ipecac syrup
376133	SCDF	ingredient_of	5975	SY	Ipecac syrup
376131	SCDF	ingredient_of	5975	FN	Ipecac syrup (substance)
376133	SCDF	ingredient_of	5975	FN	Ipecac syrup (substance)
376131	SCDF	ingredient_of	5975	BD	Ipecac Syrup Oral Syrup [THE MEDICINE SHOPPE IPECAC]
376133	SCDF	ingredient_of	5975	BD	Ipecac Syrup Oral Syrup [THE MEDICINE SHOPPE IPECAC]
376131	SCDF	ingredient_of	5975	IN	ipecacuanha
376131	SCDF	ingredient_of	5975	MS	Ipecacuanha
376131	SCDF	ingredient_of	5975	PT	Ipecacuanha
376131	SCDF	ingredient_of	5975	SY	Ipecacuanha
376133	SCDF	ingredient_of	5975	IN	ipecacuanha
376133	SCDF	ingredient_of	5975	MS	Ipecacuanha
376133	SCDF	ingredient_of	5975	PT	Ipecacuanha
376133	SCDF	ingredient_of	5975	SY	Ipecacuanha
376131	SCDF	ingredient_of	5975	FN	Ipecacuanha (substance)
376133	SCDF	ingredient_of	5975	FN	Ipecacuanha (substance)
376131	SCDF	ingredient_of	5975	SY	Ipecacuanha syrup
376133	SCDF	ingredient_of	5975	SY	Ipecacuanha syrup
376131	SCDF	ingredient_of	5975	PT	Ipecacuanha-containing product
376133	SCDF	ingredient_of	5975	PT	Ipecacuanha-containing product
376131	SCDF	ingredient_of	5975	FN	Product containing ipecacuanha (medicinal product)
376133	SCDF	ingredient_of	5975	FN	Product containing ipecacuanha (medicinal product)
316409	SCDC	ingredient_of	7676	FSY	Opio
317452	SCDC	ingredient_of	7676	FSY	Opio
331158	SCDC	ingredient_of	7676	FSY	Opio
336588	SCDC	ingredient_of	7676	FSY	Opio
336590	SCDC	ingredient_of	7676	FSY	Opio
336593	SCDC	ingredient_of	7676	FSY	Opio
370998	SCDF	ingredient_of	7676	FSY	Opio
375889	SCDF	ingredient_of	7676	FSY	Opio
376131	SCDF	ingredient_of	7676	FSY	Opio
376132	SCDF	ingredient_of	7676	FSY	Opio
376133	SCDF	ingredient_of	7676	FSY	Opio
377949	SCDF	ingredient_of	7676	FSY	Opio
830195	SCDC	ingredient_of	7676	FSY	Opio
853068	SCDF	ingredient_of	7676	FSY	Opio
896820	SCDC	ingredient_of	7676	FSY	Opio
316409	SCDC	ingredient_of	7676	BN	Opium
316409	SCDC	ingredient_of	7676	GN	opium
316409	SCDC	ingredient_of	7676	IN	Opium
316409	SCDC	ingredient_of	7676	PT	Opium
316409	SCDC	ingredient_of	7676	SU	OPIUM
317452	SCDC	ingredient_of	7676	BN	Opium
317452	SCDC	ingredient_of	7676	GN	opium
317452	SCDC	ingredient_of	7676	IN	Opium
317452	SCDC	ingredient_of	7676	PT	Opium
317452	SCDC	ingredient_of	7676	SU	OPIUM
331158	SCDC	ingredient_of	7676	BN	Opium
331158	SCDC	ingredient_of	7676	GN	opium
331158	SCDC	ingredient_of	7676	IN	Opium
331158	SCDC	ingredient_of	7676	PT	Opium
331158	SCDC	ingredient_of	7676	SU	OPIUM
336588	SCDC	ingredient_of	7676	BN	Opium
336588	SCDC	ingredient_of	7676	GN	opium
336588	SCDC	ingredient_of	7676	IN	Opium
336588	SCDC	ingredient_of	7676	PT	Opium
336588	SCDC	ingredient_of	7676	SU	OPIUM
336590	SCDC	ingredient_of	7676	BN	Opium
336590	SCDC	ingredient_of	7676	GN	opium
336590	SCDC	ingredient_of	7676	IN	Opium
336590	SCDC	ingredient_of	7676	PT	Opium
336590	SCDC	ingredient_of	7676	SU	OPIUM
336593	SCDC	ingredient_of	7676	BN	Opium
336593	SCDC	ingredient_of	7676	GN	opium
336593	SCDC	ingredient_of	7676	IN	Opium
336593	SCDC	ingredient_of	7676	PT	Opium
336593	SCDC	ingredient_of	7676	SU	OPIUM
370998	SCDF	ingredient_of	7676	BN	Opium
370998	SCDF	ingredient_of	7676	GN	opium
370998	SCDF	ingredient_of	7676	IN	Opium
370998	SCDF	ingredient_of	7676	PT	Opium
370998	SCDF	ingredient_of	7676	SU	OPIUM
375889	SCDF	ingredient_of	7676	BN	Opium
375889	SCDF	ingredient_of	7676	GN	opium
375889	SCDF	ingredient_of	7676	IN	Opium
375889	SCDF	ingredient_of	7676	PT	Opium
375889	SCDF	ingredient_of	7676	SU	OPIUM
376131	SCDF	ingredient_of	7676	BN	Opium
376131	SCDF	ingredient_of	7676	GN	opium
376131	SCDF	ingredient_of	7676	IN	Opium
376131	SCDF	ingredient_of	7676	PT	Opium
376131	SCDF	ingredient_of	7676	SU	OPIUM
376132	SCDF	ingredient_of	7676	BN	Opium
376132	SCDF	ingredient_of	7676	GN	opium
376132	SCDF	ingredient_of	7676	IN	Opium
376132	SCDF	ingredient_of	7676	PT	Opium
376132	SCDF	ingredient_of	7676	SU	OPIUM
376133	SCDF	ingredient_of	7676	BN	Opium
376133	SCDF	ingredient_of	7676	GN	opium
376133	SCDF	ingredient_of	7676	IN	Opium
376133	SCDF	ingredient_of	7676	PT	Opium
376133	SCDF	ingredient_of	7676	SU	OPIUM
377949	SCDF	ingredient_of	7676	BN	Opium
377949	SCDF	ingredient_of	7676	GN	opium
377949	SCDF	ingredient_of	7676	IN	Opium
377949	SCDF	ingredient_of	7676	PT	Opium
377949	SCDF	ingredient_of	7676	SU	OPIUM
830195	SCDC	ingredient_of	7676	BN	Opium
830195	SCDC	ingredient_of	7676	GN	opium
830195	SCDC	ingredient_of	7676	IN	Opium
830195	SCDC	ingredient_of	7676	PT	Opium
830195	SCDC	ingredient_of	7676	SU	OPIUM
853068	SCDF	ingredient_of	7676	BN	Opium
853068	SCDF	ingredient_of	7676	GN	opium
853068	SCDF	ingredient_of	7676	IN	Opium
853068	SCDF	ingredient_of	7676	PT	Opium
853068	SCDF	ingredient_of	7676	SU	OPIUM
896820	SCDC	ingredient_of	7676	BN	Opium
896820	SCDC	ingredient_of	7676	GN	opium
896820	SCDC	ingredient_of	7676	IN	Opium
896820	SCDC	ingredient_of	7676	PT	Opium
896820	SCDC	ingredient_of	7676	SU	OPIUM
316409	SCDC	ingredient_of	7676	IN	opium (anthroposophic)
317452	SCDC	ingredient_of	7676	IN	opium (anthroposophic)
331158	SCDC	ingredient_of	7676	IN	opium (anthroposophic)
336588	SCDC	ingredient_of	7676	IN	opium (anthroposophic)
336590	SCDC	ingredient_of	7676	IN	opium (anthroposophic)
336593	SCDC	ingredient_of	7676	IN	opium (anthroposophic)
370998	SCDF	ingredient_of	7676	IN	opium (anthroposophic)
375889	SCDF	ingredient_of	7676	IN	opium (anthroposophic)
376131	SCDF	ingredient_of	7676	IN	opium (anthroposophic)
376132	SCDF	ingredient_of	7676	IN	opium (anthroposophic)
376133	SCDF	ingredient_of	7676	IN	opium (anthroposophic)
377949	SCDF	ingredient_of	7676	IN	opium (anthroposophic)
830195	SCDC	ingredient_of	7676	IN	opium (anthroposophic)
853068	SCDF	ingredient_of	7676	IN	opium (anthroposophic)
896820	SCDC	ingredient_of	7676	IN	opium (anthroposophic)
316409	SCDC	ingredient_of	7676	FN	Opium (substance)
317452	SCDC	ingredient_of	7676	FN	Opium (substance)
331158	SCDC	ingredient_of	7676	FN	Opium (substance)
336588	SCDC	ingredient_of	7676	FN	Opium (substance)
336590	SCDC	ingredient_of	7676	FN	Opium (substance)
336593	SCDC	ingredient_of	7676	FN	Opium (substance)
370998	SCDF	ingredient_of	7676	FN	Opium (substance)
375889	SCDF	ingredient_of	7676	FN	Opium (substance)
376131	SCDF	ingredient_of	7676	FN	Opium (substance)
376132	SCDF	ingredient_of	7676	FN	Opium (substance)
376133	SCDF	ingredient_of	7676	FN	Opium (substance)
377949	SCDF	ingredient_of	7676	FN	Opium (substance)
830195	SCDC	ingredient_of	7676	FN	Opium (substance)
853068	SCDF	ingredient_of	7676	FN	Opium (substance)
896820	SCDC	ingredient_of	7676	FN	Opium (substance)
316409	SCDC	ingredient_of	7676	PT	Opium-containing product
317452	SCDC	ingredient_of	7676	PT	Opium-containing product
331158	SCDC	ingredient_of	7676	PT	Opium-containing product
336588	SCDC	ingredient_of	7676	PT	Opium-containing product
336590	SCDC	ingredient_of	7676	PT	Opium-containing product
336593	SCDC	ingredient_of	7676	PT	Opium-containing product
370998	SCDF	ingredient_of	7676	PT	Opium-containing product
375889	SCDF	ingredient_of	7676	PT	Opium-containing product
376131	SCDF	ingredient_of	7676	PT	Opium-containing product
376132	SCDF	ingredient_of	7676	PT	Opium-containing product
376133	SCDF	ingredient_of	7676	PT	Opium-containing product
377949	SCDF	ingredient_of	7676	PT	Opium-containing product
830195	SCDC	ingredient_of	7676	PT	Opium-containing product
853068	SCDF	ingredient_of	7676	PT	Opium-containing product
896820	SCDC	ingredient_of	7676	PT	Opium-containing product
316409	SCDC	ingredient_of	7676	SY	Papaver somniferum exudate
317452	SCDC	ingredient_of	7676	SY	Papaver somniferum exudate
331158	SCDC	ingredient_of	7676	SY	Papaver somniferum exudate
336588	SCDC	ingredient_of	7676	SY	Papaver somniferum exudate
336590	SCDC	ingredient_of	7676	SY	Papaver somniferum exudate
336593	SCDC	ingredient_of	7676	SY	Papaver somniferum exudate
370998	SCDF	ingredient_of	7676	SY	Papaver somniferum exudate
375889	SCDF	ingredient_of	7676	SY	Papaver somniferum exudate
376131	SCDF	ingredient_of	7676	SY	Papaver somniferum exudate
376132	SCDF	ingredient_of	7676	SY	Papaver somniferum exudate
376133	SCDF	ingredient_of	7676	SY	Papaver somniferum exudate
377949	SCDF	ingredient_of	7676	SY	Papaver somniferum exudate
830195	SCDC	ingredient_of	7676	SY	Papaver somniferum exudate
853068	SCDF	ingredient_of	7676	SY	Papaver somniferum exudate
896820	SCDC	ingredient_of	7676	SY	Papaver somniferum exudate
316409	SCDC	ingredient_of	7676	SY	Papaver somniferum resin
317452	SCDC	ingredient_of	7676	SY	Papaver somniferum resin
331158	SCDC	ingredient_of	7676	SY	Papaver somniferum resin
336588	SCDC	ingredient_of	7676	SY	Papaver somniferum resin
336590	SCDC	ingredient_of	7676	SY	Papaver somniferum resin
336593	SCDC	ingredient_of	7676	SY	Papaver somniferum resin
370998	SCDF	ingredient_of	7676	SY	Papaver somniferum resin
375889	SCDF	ingredient_of	7676	SY	Papaver somniferum resin
376131	SCDF	ingredient_of	7676	SY	Papaver somniferum resin
376132	SCDF	ingredient_of	7676	SY	Papaver somniferum resin
376133	SCDF	ingredient_of	7676	SY	Papaver somniferum resin
377949	SCDF	ingredient_of	7676	SY	Papaver somniferum resin
830195	SCDC	ingredient_of	7676	SY	Papaver somniferum resin
853068	SCDF	ingredient_of	7676	SY	Papaver somniferum resin
896820	SCDC	ingredient_of	7676	SY	Papaver somniferum resin
316409	SCDC	ingredient_of	7676	FN	Product containing opium (medicinal product)
317452	SCDC	ingredient_of	7676	FN	Product containing opium (medicinal product)
331158	SCDC	ingredient_of	7676	FN	Product containing opium (medicinal product)
336588	SCDC	ingredient_of	7676	FN	Product containing opium (medicinal product)
336590	SCDC	ingredient_of	7676	FN	Product containing opium (medicinal product)
336593	SCDC	ingredient_of	7676	FN	Product containing opium (medicinal product)
370998	SCDF	ingredient_of	7676	FN	Product containing opium (medicinal product)
375889	SCDF	ingredient_of	7676	FN	Product containing opium (medicinal product)
376131	SCDF	ingredient_of	7676	FN	Product containing opium (medicinal product)
376132	SCDF	ingredient_of	7676	FN	Product containing opium (medicinal product)
376133	SCDF	ingredient_of	7676	FN	Product containing opium (medicinal product)
377949	SCDF	ingredient_of	7676	FN	Product containing opium (medicinal product)
830195	SCDC	ingredient_of	7676	FN	Product containing opium (medicinal product)
853068	SCDF	ingredient_of	7676	FN	Product containing opium (medicinal product)
896820	SCDC	ingredient_of	7676	FN	Product containing opium (medicinal product)
375889	SCDF	ingredient_of	89781	FSY	Atropa belladona
375889	SCDF	ingredient_of	89781	IN	atropa belladonna
375889	SCDF	ingredient_of	89781	SU	ATROPA BELLADONNA
375889	SCDF	ingredient_of	89781	SY	Atropa belladonna
375889	SCDF	ingredient_of	89781	GN	belladonna
375889	SCDF	ingredient_of	89781	IN	BELLADONNA
375889	SCDF	ingredient_of	89781	PT	Belladonna
375889	SCDF	ingredient_of	89781	FN	Belladonna (substance)
375889	SCDF	ingredient_of	89781	IN	Belladonna Extract
375889	SCDF	ingredient_of	89781	IN	belladonna extract, USP
375889	SCDF	ingredient_of	89781	SY	Deadly nightshade
215477	BN	precise_ingredient_of	142439	SY	Dihydrocodeinone bitartrate
215477	BN	precise_ingredient_of	142439	BN	HYDROcodone Bitartrate
215477	BN	precise_ingredient_of	142439	IN	Hydrocodone Bitartrate
215477	BN	precise_ingredient_of	142439	PIN	hydrocodone bitartrate
215477	BN	precise_ingredient_of	142439	PT	Hydrocodone bitartrate
215477	BN	precise_ingredient_of	142439	SU	HYDROCODONE BITARTRATE
215477	BN	precise_ingredient_of	142439	TMSY	HYDROcodone bitartrate
215477	BN	precise_ingredient_of	142439	FN	Hydrocodone bitartrate (substance)
830195	SCDC	precise_ingredient_of	221134	PT	Laudanum
830195	SCDC	precise_ingredient_of	221134	FN	Laudanum (substance)
830195	SCDC	precise_ingredient_of	221134	IN	opium tincture
830195	SCDC	precise_ingredient_of	221134	PIN	opium tincture
830195	SCDC	precise_ingredient_of	221134	SY	Opium tincture
830195	SCDC	precise_ingredient_of	221134	SY	Tincture of opium
851961	BN	precise_ingredient_of	2672	IN	codeine (as phosphate)
851961	BN	precise_ingredient_of	2672	BN	Codeine Phosphate
851961	BN	precise_ingredient_of	2672	IN	Codeine Phosphate
851961	BN	precise_ingredient_of	2672	PIN	codeine phosphate
851961	BN	precise_ingredient_of	2672	PT	Codeine phosphate
851961	BN	precise_ingredient_of	2672	SU	Codeine Phosphate
851961	BN	precise_ingredient_of	2672	FN	Codeine phosphate (substance)
215477	BN	precise_ingredient_of	8164	IN	phenylephrine (as hydrochloride)
215477	BN	precise_ingredient_of	8164	BN	Phenylephrine HCl
215477	BN	precise_ingredient_of	8164	IN	phenylephrine HCl
215477	BN	precise_ingredient_of	8164	BN	Phenylephrine Hydrochloride
215477	BN	precise_ingredient_of	8164	IN	Phenylephrine Hydrochloride
215477	BN	precise_ingredient_of	8164	PIN	phenylephrine hydrochloride
215477	BN	precise_ingredient_of	8164	PT	Phenylephrine hydrochloride
215477	BN	precise_ingredient_of	8164	SU	phenylephrine hydrochloride
215477	BN	precise_ingredient_of	8164	FN	Phenylephrine hydrochloride (substance)
643147	BN	precise_ingredient_of	82064	IN	oxymorphone HCl
643147	BN	precise_ingredient_of	82064	BN	Oxymorphone Hydrochloride
643147	BN	precise_ingredient_of	82064	IN	Oxymorphone Hydrochloride
643147	BN	precise_ingredient_of	82064	PIN	oxymorphone hydrochloride
643147	BN	precise_ingredient_of	82064	PT	Oxymorphone hydrochloride
643147	BN	precise_ingredient_of	82064	SU	Oxymorphone Hydrochloride
643147	BN	precise_ingredient_of	82064	TMSY	oxyMORphone hydrochloride
643147	BN	precise_ingredient_of	82064	FN	Oxymorphone hydrochloride (substance)
