6899	2644	29	dose_form_of	TMSY	DF
5082	2264	30	dose_form_of	SY	DF
10245	1615	28	dose_form_of	BD	DF
2467	1515	30	dose_form_of	SCD	DF
2262	1380	315	ingredient_of	TMSY	BN
2054	1352	29	dose_form_of	PSN	DF
2243	1326	27	dose_form_of	SBD	DF
2206	1159	238	constitutes	SY	SCDC
2954	1074	239	constitutes	TMSY	SCDC
4447	1001	28	dose_form_of	CD	DF
6217	969	208	constitutes	BD	SCDC
1758	895	27	dose_form_of	CDA	DF
1758	895	27	dose_form_of	CDC	DF
1758	895	27	dose_form_of	CDD	DF
847	847	16	doseformgroup_of	SBDG	DFG
1102	736	302	constitutes	SCD	SCDC
726	726	20	doseformgroup_of	SCDG	DFG
1229	708	27	dose_form_of	SBDF	DF
935	683	145	constitutes	SBD	SCDC
1327	630	51	ingredient_of	TMSY	IN
2003	616	46	ingredient_of	TMSY	FN
2003	616	46	ingredient_of	TMSY	PT
809	611	139	has_tradename	SBDC	SCDC
3172	609	27	dose_form_of	DP	DF
2799	598	40	ingredient_of	TMSY	FSY
983	598	40	ingredient_of	TMSY	GN
999	590	39	ingredient_of	TMSY	SU
7017	587	38	ingredient_of	TMSY	SY
833	586	153	constitutes	PSN	SCDC
947	583	35	dose_form_of	SCDF	DF
1760	577	579	inverse_isa	TMSY	SBDG
1235	572	79	ingredient_of	SCDG	IN
1808	557	72	ingredient_of	SCDG	FN
1808	557	72	ingredient_of	SCDG	PT
1952	553	241	constitutes	CD	SCDC
599	545	361	ingredient_of	SBD	BN
887	531	58	ingredient_of	SCDG	GN
810	529	355	ingredient_of	SY	BN
910	528	59	ingredient_of	SCDG	SU
2693	521	53	ingredient_of	SCDG	FSY
6362	515	53	ingredient_of	SCDG	SY
970	506	26	dose_form_of	AB	DF
779	473	187	constitutes	CDA	SCDC
779	473	187	constitutes	CDC	SCDC
779	473	187	constitutes	CDD	SCDC
579	471	94	has_tradename	TMSY	SCDC
883	454	677	inverse_isa	SBD	SBDG
3649	452	635	isa	TMSY	TMSY
2398	450	634	isa	TMSY	SCD
486	447	327	ingredient_of	SBDC	BN
1325	441	323	ingredient_of	BD	BN
437	437	18	doseformgroup_of	TMSY	DFG
1101	430	654	inverse_isa	SY	SBDG
437	406	437	form_of	SCDG	SCDGP
835	404	79	ingredient_of	SCDF	IN
1228	396	72	ingredient_of	SCDF	FN
1228	396	72	ingredient_of	SCDF	PT
603	380	58	ingredient_of	SCDF	GN
612	376	59	ingredient_of	SCDF	SU
1836	371	53	ingredient_of	SCDF	FSY
4529	371	53	ingredient_of	SCDF	SY
1915	368	602	inverse_isa	BD	SBDG
659	331	437	inverse_isa	TMSY	TMSY
1097	325	74	boss_of	SCDFP	IN
721	324	37	ingredient_of	SCDG	BN
686	314	61	boss_of	SCDFP	FN
686	314	61	boss_of	SCDFP	PT
1302	310	299	isa	TMSY	SY
553	306	58	boss_of	SCDFP	SU
1447	302	730	isa	SCDG	SCD
2739	295	360	isa	TMSY	CD
319	294	319	form_of	TMSY	TMSY
728	294	45	boss_of	SCDFP	BN
325	291	279	ingredient_of	SBDF	BN
443	285	19	dose_form_of	FN	DF
443	285	19	dose_form_of	PT	DF
308	284	308	form_of	SCDG	TMSY
308	284	308	form_of	TMSY	SCDGP
435	280	42	boss_of	SCDFP	PIN
504	265	386	inverse_isa	SCDFP	SCDGP
1561	265	36	boss_of	SCDFP	SY
474	265	25	has_tradename	BN	IN
568	260	79	part_of	MIN	IN
339	253	24	has_tradename	BN	GN
830	252	72	part_of	MIN	FN
830	252	72	part_of	MIN	PT
672	252	23	has_tradename	BN	FN
672	252	23	has_tradename	BN	PT
336	251	22	has_tradename	BN	SU
488	250	474	inverse_isa	SBDF	SBDG
1060	247	22	has_tradename	BN	FSY
3546	247	19	has_tradename	BN	SY
1292	245	314	isa	TMSY	CDA
1292	245	314	isa	TMSY	CDC
1292	245	314	isa	TMSY	CDD
405	239	58	part_of	MIN	GN
418	238	59	part_of	MIN	SU
817	236	57	boss_of	TMSY	IN
1246	235	53	part_of	MIN	FSY
2864	233	53	part_of	MIN	SY
6585	230	330	isa	TMSY	BD
505	230	37	ingredient_of	SCDF	BN
487	228	46	boss_of	TMSY	FN
487	228	46	boss_of	TMSY	PT
406	221	44	boss_of	TMSY	SU
730	219	730	isa	SCDF	SCD
1008	218	1008	tradename_of	SCDG	SBDG
414	217	297	inverse_isa	SCDFP	TMSY
414	217	297	inverse_isa	TMSY	SCDGP
336	214	35	boss_of	TMSY	PIN
523	212	34	boss_of	TMSY	BN
991	208	258	isa	TMSY	PSN
2076	205	79	constitutes	DP	SCDC
1900	199	634	isa	SCDG	TMSY
797	197	354	isa	SCDG	SY
1043	195	31	boss_of	TMSY	SY
201	191	107	ingredient_of	PSN	BN
1647	186	419	isa	SCDG	CD
736	170	730	consists_of	SCDC	SCD
1067	167	801	tradename_of	TMSY	SBDG
237	167	78	constitutes	AB	SCDC
569	165	24	precise_ingredient_of	BN	IN
282	165	24	precise_ingredient_of	BN	PIN
275	161	19	precise_ingredient_of	BN	FN
275	161	19	precise_ingredient_of	BN	PT
271	159	17	precise_ingredient_of	BN	SU
157	157	1	doseformgroup_of	SBDG	DF
343	156	50	part_of	TMSY	IN
323	155	15	precise_ingredient_of	BN	BN
154	154	1	doseformgroup_of	SCDG	DF
521	152	46	part_of	TMSY	FN
521	152	46	part_of	TMSY	PT
956	149	634	isa	SCDF	TMSY
733	148	40	part_of	TMSY	FSY
254	147	40	part_of	TMSY	GN
262	146	39	part_of	TMSY	SU
325	146	37	part_of	MIN	BN
1768	145	38	part_of	TMSY	SY
229	143	11	precise_ingredient_of	BN	SY
826	142	419	isa	SCDF	CD
739	137	347	isa	SCDG	CDA
739	137	347	isa	SCDG	CDC
739	137	347	isa	SCDG	CDD
282	136	34	part_of	GN	IN
218	136	33	part_of	GN	GN
504	135	502	tradename_of	TMSY	TMSY
424	135	32	part_of	GN	FN
424	135	32	part_of	GN	PT
401	134	354	isa	SCDF	SY
650	134	31	part_of	GN	FSY
215	133	30	part_of	GN	SU
1565	133	27	part_of	GN	SY
649	126	649	has_ingredients	MIN	SCD
3740	123	353	isa	SCDG	BD
574	121	286	isa	SCDG	PSN
1222	120	800	consists_of	SCDC	TMSY
675	120	570	consists_of	SCDC	SY
843	120	427	consists_of	SCDC	CD
269	120	48	part_of	IN	IN
393	120	47	part_of	IN	FN
393	120	47	part_of	IN	PT
520	117	520	isa	SCDFP	SCD
191	116	42	part_of	IN	GN
1205	115	798	consists_of	TMSY	TMSY
633	115	632	consists_of	TMSY	SCD
150	114	140	inverse_isa	SBD	TMSY
114	114	107	inverse_isa	SBD	SBDF
197	113	41	part_of	IN	SU
651	112	38	part_of	IN	FSY
164	109	102	inverse_isa	TMSY	SBDF
1416	109	35	part_of	IN	SY
370	107	347	isa	SCDF	CDA
370	107	347	isa	SCDF	CDC
370	107	347	isa	SCDF	CDD
200	106	139	inverse_isa	PSN	SBDG
372	104	347	consists_of	SCDC	CDA
372	104	347	consists_of	SCDC	CDC
372	104	347	consists_of	SCDC	CDD
172	104	130	inverse_isa	SY	TMSY
133	104	99	inverse_isa	SY	SBDF
2318	102	533	consists_of	SCDC	BD
789	102	505	isa	SCDFP	TMSY
136	102	31	boss_of	SCDFP	GN
202	101	84	constitutes	TMSY	TMSY
273	98	73	isa	TMSY	AB
193	98	25	part_of	TMSY	BN
347	95	120	inverse_isa	BD	TMSY
504	95	23	boss_of	SCDFP	FSY
260	94	88	inverse_isa	BD	SBDF
1593	94	73	isa	TMSY	DP
1868	93	353	isa	SCDF	BD
284	93	13	has_tradename	BN	BN
286	92	286	isa	SCDF	PSN
92	92	1	doseformgroup_of	TMSY	DF
335	89	334	consists_of	SCDC	PSN
307	89	272	isa	SCDFP	SY
733	88	368	consists_of	TMSY	CD
376	88	330	has_ingredients	MIN	SY
336	88	314	consists_of	TMSY	CDA
336	88	314	consists_of	TMSY	CDC
336	88	314	consists_of	TMSY	CDD
97	87	38	constitutes	FN	SCDC
97	87	38	constitutes	PT	SCDC
530	84	455	consists_of	TMSY	SY
99	84	75	constitutes	SY	TMSY
97	84	5	ingredient_of	TMSY	TMSY
2011	83	457	consists_of	TMSY	BD
872	82	568	has_ingredients	MIN	TMSY
568	82	568	has_ingredients	TMSY	SCD
872	82	568	has_ingredients	TMSY	TMSY
593	82	312	isa	SCDFP	CD
80	80	73	constitutes	SBD	SBDC
81	80	6	doseformgroup_of	FN	DFG
81	80	6	doseformgroup_of	PT	DFG
88	79	72	constitutes	SY	SBDC
79	77	41	ingredient_of	SBDG	BN
720	76	385	has_ingredients	MIN	CD
336	76	310	tradename_of	SCDGP	SBDG
292	76	292	consists_of	TMSY	PSN
94	76	37	ingredient_of	DP	BN
188	75	71	constitutes	BD	TMSY
194	74	69	constitutes	BD	SBDC
197	74	27	part_of	IN	BN
158	71	18	part_of	GN	BN
282	70	282	tradename_of	SCDF	SBDF
72	70	70	constitutes	SBD	TMSY
275	67	270	tradename_of	SCDC	SBDC
84	67	21	boss_of	TMSY	GN
191	67	7	dose_form_of	MTH_RXN_CD	DF
289	66	272	isa	SCDFP	CDA
289	66	272	isa	SCDFP	CDC
289	66	272	isa	SCDFP	CDD
287	65	20	boss_of	TMSY	FSY
1539	61	301	isa	SCDFP	BD
318	60	280	has_ingredients	TMSY	SY
119	60	60	constitutes	TMSY	SBDC
950	59	88	isa	SCDG	DP
73	59	61	has_ingredient	BN	SBDC
552	58	552	has_ingredients	GN	SCD
220	58	220	isa	SCDFP	PSN
207	56	144	has_ingredient	BN	TMSY
182	56	86	isa	SCDG	AB
555	55	554	has_ingredients	IN	SCD
679	53	346	has_ingredients	GN	CD
330	53	310	has_ingredients	MIN	CDA
330	53	310	has_ingredients	MIN	CDC
330	53	310	has_ingredients	MIN	CDD
662	52	350	has_ingredients	IN	CD
69	52	4	dose_form_of	MTH_RXN_BD	DF
108	51	99	has_ingredient	BN	SBDG
59	51	5	ingredient_of	SCDG	TMSY
226	50	224	consists_of	SCDC	SBD
642	49	335	has_ingredients	TMSY	CD
318	49	277	has_ingredients	GN	SY
220	49	220	tradename_of	SCDF	TMSY
220	49	220	tradename_of	TMSY	SBDF
55	49	51	has_ingredient	BN	SBDF
55	49	34	has_tradename	SBDG	SCDGP
1726	48	330	has_ingredients	MIN	BD
100	47	93	consists_of	SCDC	AB
247	46	247	has_ingredients	MIN	PSN
118	46	20	part_of	FN	FN
81	46	20	part_of	FN	IN
118	46	20	part_of	FN	PT
118	46	20	part_of	PT	FN
81	46	20	part_of	PT	IN
118	46	20	part_of	PT	PT
58	45	19	part_of	FN	GN
58	45	19	part_of	PT	GN
791	44	517	has_ingredients	GN	TMSY
320	44	300	has_ingredients	GN	CDA
320	44	300	has_ingredients	GN	CDC
320	44	300	has_ingredients	GN	CDD
203	44	199	tradename_of	SCDC	TMSY
225	44	18	part_of	FN	FSY
509	44	18	part_of	FN	SY
225	44	18	part_of	PT	FSY
509	44	18	part_of	PT	SY
201	43	199	tradename_of	TMSY	SBDC
497	43	107	consists_of	SCDC	DP
43	43	40	inverse_isa	SBD	SBDFP
56	43	17	part_of	FN	SU
56	43	17	part_of	PT	SU
91	42	86	isa	SCDF	AB
81	42	81	tradename_of	SCDFP	SBDFP
48	42	40	inverse_isa	SY	SBDFP
307	41	270	has_ingredients	IN	SY
475	40	88	isa	SCDF	DP
1716	39	321	has_ingredients	GN	BD
305	39	286	has_ingredients	TMSY	CDA
305	39	286	has_ingredients	TMSY	CDC
305	39	286	has_ingredients	TMSY	CDD
85	38	80	consists_of	TMSY	AB
71	38	51	has_ingredient	BN	SY
1559	37	312	has_ingredients	TMSY	BD
38	37	38	form_of	SCDF	SCDFP
101	37	36	inverse_isa	BD	SBDFP
75	37	34	inverse_isa	TMSY	SBDFP
166	36	166	consists_of	TMSY	SBD
47	36	43	has_ingredient	BN	SBD
449	35	89	consists_of	TMSY	DP
233	34	233	has_ingredients	GN	PSN
758	33	502	has_ingredients	IN	TMSY
69	33	69	tradename_of	SCDFP	TMSY
69	33	69	tradename_of	TMSY	SBDFP
92	33	34	has_ingredient	BN	BD
38	33	5	ingredient_of	SCDF	TMSY
227	32	227	has_ingredients	TMSY	PSN
94	32	15	boss_of	CD	IN
33	31	24	constitutes	SCD	TMSY
80	31	18	ingredient_of	FN	FN
58	31	18	ingredient_of	FN	IN
80	31	18	ingredient_of	FN	PT
80	31	18	ingredient_of	PT	FN
58	31	18	ingredient_of	PT	IN
80	31	18	ingredient_of	PT	PT
98	31	16	part_of	BN	FN
61	31	16	part_of	BN	IN
98	31	16	part_of	BN	PT
65	31	14	part_of	FN	BN
65	31	14	part_of	PT	BN
299	30	278	has_ingredients	IN	CDA
299	30	278	has_ingredients	IN	CDC
299	30	278	has_ingredients	IN	CDD
34	30	21	has_tradename	SBDG	TMSY
39	30	17	ingredient_of	FN	GN
39	30	17	ingredient_of	PT	GN
48	30	15	part_of	BN	GN
417	30	15	part_of	BN	SY
87	30	14	boss_of	CD	FN
87	30	14	boss_of	CD	PT
54	30	14	boss_of	CD	SU
183	30	14	part_of	BN	FSY
384	30	13	boss_of	CD	SY
415	29	339	has_precise_ingredient	PIN	BN
160	29	16	ingredient_of	FN	FSY
367	29	16	ingredient_of	FN	SY
160	29	16	ingredient_of	PT	FSY
367	29	16	ingredient_of	PT	SY
47	29	14	part_of	BN	SU
84	29	12	boss_of	CD	BN
570	28	339	has_precise_ingredient	IN	BN
203	28	203	tradename_of	FN	SBDG
203	28	203	tradename_of	PT	SBDG
37	28	15	ingredient_of	FN	SU
37	28	15	ingredient_of	PT	SU
81	28	3	dose_form_of	MTH_RXN_DP	DF
1602	27	302	has_ingredients	IN	BD
73	27	23	isa	TMSY	FN
73	27	23	isa	TMSY	PT
222	26	221	has_ingredients	IN	PSN
303	25	61	isa	SCDFP	DP
51	25	30	inverse_isa	DP	SBDG
32	24	29	inverse_isa	PSN	TMSY
28	24	6	boss_of	SCDFP	TMSY
28	24	6	boss_of	TMSY	TMSY
27	24	5	part_of	MIN	TMSY
27	24	5	part_of	TMSY	TMSY
23	23	21	inverse_isa	PSN	SBDF
1778	22	612	tradename_of	FN	BN
889	22	612	tradename_of	GN	BN
1038	22	612	tradename_of	IN	BN
1778	22	612	tradename_of	PT	BN
889	22	612	tradename_of	SU	BN
340	22	72	has_ingredients	MIN	DP
54	22	12	ingredient_of	FN	BN
54	22	12	ingredient_of	PT	BN
388	21	334	has_precise_ingredient	FN	BN
388	21	334	has_precise_ingredient	PT	BN
64	21	61	has_ingredients	IN	AB
63	21	61	has_ingredients	MIN	AB
25	21	2	dose_form_of	MTH_RXN_CDC	DF
6043	20	609	tradename_of	SY	BN
2269	20	601	tradename_of	FSY	BN
167	20	166	isa	CD	SCD
62	20	60	has_ingredients	GN	AB
42	20	42	isa	SCDFP	AB
52	20	26	isa	SCDG	FN
52	20	26	isa	SCDG	PT
89	20	18	ingredient_of	CDA	FN
138	20	18	ingredient_of	CDA	FSY
61	20	18	ingredient_of	CDA	IN
89	20	18	ingredient_of	CDA	PT
89	20	18	ingredient_of	CDC	FN
138	20	18	ingredient_of	CDC	FSY
61	20	18	ingredient_of	CDC	IN
89	20	18	ingredient_of	CDC	PT
89	20	18	ingredient_of	CDD	FN
138	20	18	ingredient_of	CDD	FSY
61	20	18	ingredient_of	CDD	IN
89	20	18	ingredient_of	CDD	PT
21	20	16	constitutes	PSN	TMSY
380	19	334	has_precise_ingredient	SU	BN
44	19	17	ingredient_of	CDA	GN
44	19	17	ingredient_of	CDC	GN
44	19	17	ingredient_of	CDD	GN
173	19	7	boss_of	CD	FSY
201	18	83	isa	CD	CD
26	18	26	consists_of	SCDC	FN
26	18	26	consists_of	SCDC	PT
328	18	16	ingredient_of	CDA	SY
328	18	16	ingredient_of	CDC	SY
328	18	16	ingredient_of	CDD	SY
18	18	13	constitutes	PSN	SBDC
33	18	6	boss_of	CD	GN
56	17	54	has_ingredients	TMSY	AB
41	17	14	ingredient_of	CDA	SU
41	17	14	ingredient_of	CDC	SU
41	17	14	ingredient_of	CDD	SU
50	17	13	ingredient_of	CDA	BN
50	17	13	ingredient_of	CDC	BN
50	17	13	ingredient_of	CDD	BN
31	17	1	dose_form_of	TMSY	SY
408	16	316	has_precise_ingredient	BN	BN
220	16	161	isa	CD	TMSY
76	16	67	isa	CD	SY
331	16	66	has_ingredients	GN	DP
23	16	23	consists_of	TMSY	FN
23	16	23	consists_of	TMSY	PT
23	16	9	boss_of	CD	PIN
42	16	9	part_of	SY	FN
77	16	9	part_of	SY	FSY
21	16	9	part_of	SY	GN
35	16	9	part_of	SY	IN
42	16	9	part_of	SY	PT
231	16	9	part_of	SY	SY
377	15	377	has_ingredients	FN	SCD
377	15	377	has_ingredients	PT	SCD
85	15	77	isa	CD	CDA
85	15	77	isa	CD	CDC
85	15	77	isa	CD	CDD
303	15	61	has_ingredients	TMSY	DP
45	15	13	ingredient_of	CD	FN
39	15	13	ingredient_of	CD	IN
45	15	13	ingredient_of	CD	PT
34	15	12	constitutes	CD	TMSY
179	15	12	ingredient_of	CD	SY
35	15	9	part_of	BN	BN
20	15	8	part_of	SY	SU
15	15	2	doseformgroup_of	SY	DFG
464	14	225	has_ingredients	FN	CD
464	14	225	has_ingredients	PT	CD
223	14	204	has_ingredients	FN	CDA
223	14	204	has_ingredients	FN	CDC
223	14	204	has_ingredients	FN	CDD
223	14	204	has_ingredients	PT	CDA
223	14	204	has_ingredients	PT	CDC
223	14	204	has_ingredients	PT	CDD
186	14	171	has_ingredients	FN	SY
186	14	171	has_ingredients	PT	SY
656	14	90	isa	CD	BD
58	14	57	isa	CD	PSN
26	14	26	isa	SCDF	FN
26	14	26	isa	SCDF	PT
84	14	12	ingredient_of	CD	FSY
22	14	12	ingredient_of	CD	GN
37	14	11	ingredient_of	CD	BN
29	14	8	ingredient_of	SY	IN
29	14	1	dose_form_of	BD	SY
20	14	1	dose_form_of	SY	SY
147	13	147	has_ingredients	FN	PSN
147	13	147	has_ingredients	PT	PSN
1645	13	28	contains	BD	GPCK
1645	13	28	contains	BD	PSN
1645	13	28	contains	BD	SY
3290	13	28	contains	BD	TMSY
105	13	28	contains	CD	GPCK
105	13	28	contains	CD	PSN
105	13	28	contains	CD	SY
210	13	28	contains	CD	TMSY
1730	13	28	contains	DP	GPCK
1730	13	28	contains	DP	PSN
1730	13	28	contains	DP	SY
3460	13	28	contains	DP	TMSY
28	13	28	contains	PSN	GPCK
28	13	28	contains	PSN	PSN
28	13	28	contains	PSN	SY
56	13	28	contains	PSN	TMSY
28	13	28	contains	SCD	GPCK
28	13	28	contains	SCD	PSN
28	13	28	contains	SCD	SY
56	13	28	contains	SCD	TMSY
76	13	28	contains	TMSY	GPCK
76	13	28	contains	TMSY	PSN
76	13	28	contains	TMSY	SY
152	13	28	contains	TMSY	TMSY
21	13	21	isa	CDA	SCD
21	13	21	isa	CDC	SCD
21	13	21	isa	CDD	SCD
16	13	13	has_tradename	TMSY	TMSY
34	13	7	ingredient_of	SY	FN
68	13	7	ingredient_of	SY	FSY
17	13	7	ingredient_of	SY	GN
34	13	7	ingredient_of	SY	PT
194	13	7	ingredient_of	SY	SY
13	13	1	dose_form_of	PSN	SY
552	12	344	has_ingredients	BN	SCD
676	12	206	has_ingredients	BN	CD
243	12	196	has_precise_ingredient	TMSY	BN
302	12	60	has_ingredients	IN	DP
50	12	27	contains	SY	GPCK
50	12	27	contains	SY	PSN
50	12	27	contains	SY	SY
100	12	27	contains	SY	TMSY
9178	12	26	contains	BD	DP
431	12	26	contains	CD	DP
12223	12	26	contains	DP	DP
139	12	26	contains	PSN	DP
139	12	26	contains	SCD	DP
336	12	26	contains	TMSY	DP
5453	12	25	contains	BD	BD
295	12	25	contains	CD	BD
6277	12	25	contains	DP	BD
83	12	25	contains	PSN	BD
83	12	25	contains	SCD	BD
215	12	25	contains	TMSY	BD
31	12	20	isa	CDA	TMSY
31	12	20	isa	CDC	TMSY
31	12	20	isa	CDD	TMSY
22	12	11	ingredient_of	CD	SU
16	12	6	ingredient_of	SY	SU
14	12	5	part_of	GN	TMSY
12	12	4	ingredient_of	SCDG	MS
40	12	1	dose_form_of	DP	SY
513	11	356	has_ingredients	FN	TMSY
513	11	356	has_ingredients	PT	TMSY
1281	11	230	has_ingredients	FN	BD
1281	11	230	has_ingredients	PT	BD
1940	11	206	has_ingredients	BN	BD
334	11	186	has_ingredients	BN	CDA
334	11	186	has_ingredients	BN	CDC
334	11	186	has_ingredients	BN	CDD
241	11	150	has_ingredients	BN	PSN
267	11	147	has_ingredients	BN	SY
135	11	135	tradename_of	CD	SBDF
34	11	26	contains	CDA	GPCK
34	11	26	contains	CDA	PSN
34	11	26	contains	CDA	SY
68	11	26	contains	CDA	TMSY
34	11	26	contains	CDC	GPCK
34	11	26	contains	CDC	PSN
34	11	26	contains	CDC	SY
68	11	26	contains	CDC	TMSY
34	11	26	contains	CDD	GPCK
34	11	26	contains	CDD	PSN
34	11	26	contains	CDD	SY
68	11	26	contains	CDD	TMSY
209	11	25	contains	SY	DP
139	11	24	contains	SY	BD
14	11	5	part_of	IN	TMSY
33	11	5	part_of	SY	BN
745	10	326	has_ingredients	BN	TMSY
259	10	259	isa	FN	SCD
259	10	259	isa	PT	SCD
104	10	104	isa	FN	PSN
104	10	104	isa	PT	PSN
46	10	44	has_ingredients	FN	AB
46	10	44	has_ingredients	PT	AB
158	10	24	contains	CDA	DP
158	10	24	contains	CDC	DP
158	10	24	contains	CDD	DP
102	10	23	contains	CDA	BD
102	10	23	contains	CDC	BD
102	10	23	contains	CDD	BD
26	10	15	isa	CDA	CD
26	10	15	isa	CDC	CD
26	10	15	isa	CDD	CD
14	10	14	tradename_of	SCDG	TMSY
12	10	10	has_tradename	SBDC	TMSY
84	10	8	has_tradename	TMSY	SY
14	10	5	boss_of	SCDFP	SYGB
133	9	133	tradename_of	CD	TMSY
144	9	131	isa	FN	CDA
144	9	131	isa	FN	CDC
144	9	131	isa	FN	CDD
144	9	131	isa	PT	CDA
144	9	131	isa	PT	CDC
144	9	131	isa	PT	CDD
113	9	100	isa	FN	SY
113	9	100	isa	PT	SY
36	9	36	tradename_of	SY	SBDG
26	9	26	isa	FN	FN
26	9	26	isa	FN	PT
26	9	26	isa	PT	FN
26	9	26	isa	PT	PT
24	9	22	isa	CD	AB
1194	9	18	contains	BD	CDA
1194	9	18	contains	BD	CDC
1194	9	18	contains	BD	CDD
68	9	18	contains	CD	CDA
68	9	18	contains	CD	CDC
68	9	18	contains	CD	CDD
1248	9	18	contains	DP	CDA
1248	9	18	contains	DP	CDC
1248	9	18	contains	DP	CDD
19	9	18	contains	PSN	CDA
19	9	18	contains	PSN	CDC
19	9	18	contains	PSN	CDD
19	9	18	contains	SCD	CDA
19	9	18	contains	SCD	CDC
19	9	18	contains	SCD	CDD
54	9	18	contains	TMSY	CDA
54	9	18	contains	TMSY	CDC
54	9	18	contains	TMSY	CDD
18	9	18	isa	CD	FN
18	9	18	isa	CD	PT
1131	9	14	contains	BD	CD
69	9	14	contains	CD	CD
1126	9	14	contains	DP	CD
18	9	14	contains	PSN	CD
18	9	14	contains	SCD	CD
34	9	14	contains	SY	CD
51	9	14	contains	TMSY	CD
19	9	13	inverse_isa	CD	SCDGP
19	9	13	inverse_isa	CD	TMSY
14	9	9	inverse_isa	DP	SBDF
14	9	9	inverse_isa	DP	TMSY
36	9	8	has_tradename	TMSY	FN
42	9	8	has_tradename	TMSY	FSY
18	9	8	has_tradename	TMSY	GN
23	9	8	has_tradename	TMSY	IN
36	9	8	has_tradename	TMSY	PT
728	8	478	tradename_of	BN	BN
335	8	141	isa	FN	CD
335	8	141	isa	PT	CD
906	8	131	isa	FN	BD
906	8	131	isa	PT	BD
82	8	51	has_boss	IN	SCDFP
68	8	40	has_ingredients	BN	AB
167	8	33	has_ingredients	FN	DP
167	8	33	has_ingredients	PT	DP
37	8	32	has_ingredient	TMSY	TMSY
23	8	17	contains	CDA	CDA
23	8	17	contains	CDA	CDC
23	8	17	contains	CDA	CDD
23	8	17	contains	CDC	CDA
23	8	17	contains	CDC	CDC
23	8	17	contains	CDC	CDD
23	8	17	contains	CDD	CDA
23	8	17	contains	CDD	CDC
23	8	17	contains	CDD	CDD
37	8	17	contains	SY	CDA
37	8	17	contains	SY	CDC
37	8	17	contains	SY	CDD
21	8	13	contains	CDA	CD
21	8	13	contains	CDC	CD
21	8	13	contains	CDD	CD
9	8	7	constitutes	CDA	TMSY
9	8	7	constitutes	CDC	TMSY
9	8	7	constitutes	CDD	TMSY
17	8	7	has_tradename	TMSY	SU
8	8	7	inverse_isa	PSN	SBDFP
13	8	2	ingredient_of	CDA	TMSY
13	8	2	ingredient_of	CDC	TMSY
13	8	2	ingredient_of	CDD	TMSY
11	8	1	dose_form_of	AB	SY
37	8	1	dose_form_of	CD	SY
8	8	1	dose_form_of	CDA	SY
8	8	1	dose_form_of	CDC	SY
8	8	1	dose_form_of	CDD	SY
8	8	1	dose_form_of	SCD	SY
466	7	372	tradename_of	TMSY	BN
334	7	240	isa	FN	TMSY
334	7	240	isa	PT	TMSY
56	7	52	isa	FN	AB
56	7	52	isa	PT	AB
38	7	38	has_boss	PIN	SCDFP
276	7	34	isa	FN	DP
276	7	34	isa	PT	DP
19	7	19	tradename_of	CDA	SBDF
19	7	19	tradename_of	CDC	SBDF
19	7	19	tradename_of	CDD	SBDF
18	7	18	contains	AB	GPCK
18	7	18	contains	AB	PSN
18	7	18	contains	AB	SY
36	7	18	contains	AB	TMSY
53	7	17	contains	AB	BD
14	7	14	has_ingredient	TMSY	SBDG
7	7	7	form_of	SBDF	SBDFP
7	7	7	has_ingredient	TMSY	SBDF
9	7	4	boss_of	TMSY	SYGB
7	7	4	ingredient_of	SCDF	MS
7	7	2	constitutes	DP	SBDC
7	7	1	dose_form_of	FN	SY
7	7	1	dose_form_of	PT	SY
228	6	197	has_precise_ingredient	SY	BN
60	6	47	has_boss	FN	SCDFP
60	6	47	has_boss	PT	SCDFP
452	6	45	has_ingredients	BN	DP
18	6	18	tradename_of	CDA	TMSY
18	6	18	tradename_of	CDC	TMSY
18	6	18	tradename_of	CDD	TMSY
78	6	17	contains	AB	DP
13	6	13	contains	AB	CDA
13	6	13	contains	AB	CDC
13	6	13	contains	AB	CDD
13	6	11	isa	CDA	SY
13	6	11	isa	CDC	SY
13	6	11	isa	CDD	SY
14	6	10	contains	AB	CD
15	6	10	has_ingredients	BN	FN
15	6	10	has_ingredients	BN	PT
10	6	10	has_ingredients	FN	FN
10	6	10	has_ingredients	FN	PT
10	6	10	has_ingredients	GN	FN
10	6	10	has_ingredients	GN	PT
10	6	10	has_ingredients	IN	FN
10	6	10	has_ingredients	IN	PT
10	6	10	has_ingredients	MIN	FN
10	6	10	has_ingredients	MIN	PT
10	6	10	has_ingredients	PT	FN
10	6	10	has_ingredients	PT	PT
146	6	9	isa	CD	DP
7	6	7	form_of	SCDF	TMSY
7	6	7	form_of	TMSY	SCDFP
7	6	6	form_of	SCDF	CD
6	6	6	has_ingredient	TMSY	SBDC
6	6	6	inverse_isa	SCD	SCDFP
6	6	6	inverse_isa	SY	SCDFP
6	6	4	has_tradename	TMSY	BN
6	6	4	part_of	MIN	MS
6	6	1	dose_form_of	SBD	SY
6	6	1	ingredient_of	TMSY	MS
45	5	45	has_boss	SU	SCDFP
13	5	10	has_boss	IN	TMSY
9	5	9	form_of	FN	SCDGP
9	5	9	form_of	PT	SCDGP
11	5	5	has_ingredient	TMSY	BD
5	5	5	has_ingredient	TMSY	SBD
5	5	5	has_ingredient	TMSY	SY
13	5	5	inverse_isa	CD	SCDFP
5	5	5	inverse_isa	CDA	SCDFP
5	5	5	inverse_isa	CDC	SCDFP
5	5	5	inverse_isa	CDD	SCDFP
21	5	5	precise_ingredient_of	TMSY	BN
16	5	5	precise_ingredient_of	TMSY	FN
31	5	5	precise_ingredient_of	TMSY	IN
16	5	5	precise_ingredient_of	TMSY	PIN
16	5	5	precise_ingredient_of	TMSY	PT
16	5	5	precise_ingredient_of	TMSY	SU
11	5	3	precise_ingredient_of	TMSY	SY
7	5	2	dose_form_of	BN	DF
20	5	1	precise_ingredient_of	BN	FSY
12	4	9	has_boss	FN	TMSY
12	4	9	has_boss	PT	TMSY
8	4	8	has_ingredients	TMSY	FN
8	4	8	has_ingredients	TMSY	PT
7	4	7	form_of	FN	TMSY
7	4	7	form_of	PT	TMSY
7	4	7	has_boss	PIN	TMSY
39	4	5	isa	CDA	BD
6	4	5	isa	CDA	CDA
6	4	5	isa	CDA	CDC
6	4	5	isa	CDA	CDD
39	4	5	isa	CDC	BD
6	4	5	isa	CDC	CDA
6	4	5	isa	CDC	CDC
6	4	5	isa	CDC	CDD
39	4	5	isa	CDD	BD
6	4	5	isa	CDD	CDA
6	4	5	isa	CDD	CDC
6	4	5	isa	CDD	CDD
4	4	4	form_of	SBDF	TMSY
4	4	4	form_of	TMSY	SBDFP
5	4	4	has_ingredient	BN	PSN
4	4	4	inverse_isa	PSN	SCDFP
4	4	4	part_of	IN	MS
4	4	4	tradename_of	FN	TMSY
4	4	4	tradename_of	PT	TMSY
4	4	3	boss_of	SCDFP	MS
5	4	3	constitutes	AB	TMSY
644	3	317	has_ingredient	FN	SCDG
1447	3	317	has_ingredient	FSY	SCDG
322	3	317	has_ingredient	GN	SCDG
535	3	317	has_ingredient	IN	SCDG
644	3	317	has_ingredient	PT	SCDG
322	3	317	has_ingredient	SU	SCDG
2950	3	317	has_ingredient	SY	SCDG
616	3	305	has_ingredient	FN	SCDF
1392	3	305	has_ingredient	FSY	SCDF
308	3	305	has_ingredient	GN	SCDF
513	3	305	has_ingredient	IN	SCDF
616	3	305	has_ingredient	PT	SCDF
308	3	305	has_ingredient	SU	SCDF
2791	3	305	has_ingredient	SY	SCDF
298	3	149	has_ingredient	FN	SCDC
659	3	149	has_ingredient	FSY	SCDC
149	3	149	has_ingredient	GN	SCDC
236	3	149	has_ingredient	IN	SCDC
298	3	149	has_ingredient	PT	SCDC
149	3	149	has_ingredient	SU	SCDC
1337	3	149	has_ingredient	SY	SCDC
252	3	124	has_part	FN	MIN
562	3	124	has_part	FSY	MIN
126	3	124	has_part	GN	MIN
208	3	124	has_part	IN	MIN
252	3	124	has_part	PT	MIN
126	3	124	has_part	SU	MIN
1166	3	124	has_part	SY	MIN
134	3	65	has_part	FN	GN
304	3	65	has_part	FSY	GN
67	3	65	has_part	GN	GN
110	3	65	has_part	IN	GN
134	3	65	has_part	PT	GN
67	3	65	has_part	SU	GN
590	3	65	has_part	SY	GN
126	3	61	has_part	FN	IN
290	3	61	has_part	FSY	IN
63	3	61	has_part	GN	IN
108	3	61	has_part	IN	IN
126	3	61	has_part	PT	IN
63	3	61	has_part	SU	IN
566	3	61	has_part	SY	IN
81	3	42	has_boss	BN	SCDFP
54	3	27	has_ingredient	FN	TMSY
115	3	27	has_ingredient	FSY	TMSY
27	3	27	has_ingredient	GN	TMSY
41	3	27	has_ingredient	IN	TMSY
54	3	27	has_ingredient	PT	TMSY
27	3	27	has_ingredient	SU	TMSY
252	3	27	has_ingredient	SY	TMSY
46	3	22	has_part	FN	FN
46	3	22	has_part	FN	PT
100	3	22	has_part	FSY	FN
100	3	22	has_part	FSY	PT
23	3	22	has_part	GN	FN
23	3	22	has_part	GN	PT
37	3	22	has_part	IN	FN
37	3	22	has_part	IN	PT
46	3	22	has_part	PT	FN
46	3	22	has_part	PT	PT
23	3	22	has_part	SU	FN
23	3	22	has_part	SU	PT
219	3	22	has_part	SY	FN
219	3	22	has_part	SY	PT
40	3	19	has_ingredient	FN	FN
40	3	19	has_ingredient	FN	PT
79	3	19	has_ingredient	FSY	FN
79	3	19	has_ingredient	FSY	PT
20	3	19	has_ingredient	GN	FN
20	3	19	has_ingredient	GN	PT
27	3	19	has_ingredient	IN	FN
27	3	19	has_ingredient	IN	PT
40	3	19	has_ingredient	PT	FN
40	3	19	has_ingredient	PT	PT
20	3	19	has_ingredient	SU	FN
20	3	19	has_ingredient	SU	PT
194	3	19	has_ingredient	SY	FN
194	3	19	has_ingredient	SY	PT
46	3	19	has_part	FN	BN
102	3	19	has_part	FSY	BN
23	3	19	has_part	GN	BN
36	3	19	has_part	IN	BN
46	3	19	has_part	PT	BN
23	3	19	has_part	SU	BN
202	3	19	has_part	SY	BN
19	3	10	has_boss	BN	CD
15	3	10	has_boss	FN	CD
18	3	10	has_boss	IN	CD
15	3	10	has_boss	PT	CD
11	3	10	has_boss	SU	CD
16	3	8	has_ingredient	BN	CD
16	3	8	has_part	FN	TMSY
34	3	8	has_part	FSY	TMSY
8	3	8	has_part	GN	TMSY
12	3	8	has_part	IN	TMSY
16	3	8	has_part	PT	TMSY
8	3	8	has_part	SU	TMSY
74	3	8	has_part	SY	TMSY
18	3	7	form_of	FN	IN
14	3	7	form_of	FN	PIN
37	3	7	form_of	FSY	IN
29	3	7	form_of	FSY	PIN
9	3	7	form_of	GN	IN
7	3	7	form_of	GN	PIN
13	3	7	form_of	IN	IN
10	3	7	form_of	IN	PIN
18	3	7	form_of	PT	IN
14	3	7	form_of	PT	PIN
9	3	7	form_of	SU	IN
7	3	7	form_of	SU	PIN
86	3	7	form_of	SY	IN
65	3	7	form_of	SY	PIN
7	3	7	has_boss	SU	TMSY
10	3	5	form_of	FN	FN
10	3	5	form_of	FN	PT
20	3	5	form_of	FSY	FN
20	3	5	form_of	FSY	PT
5	3	5	form_of	GN	FN
5	3	5	form_of	GN	PT
7	3	5	form_of	IN	FN
7	3	5	form_of	IN	PT
10	3	5	form_of	PT	FN
10	3	5	form_of	PT	PT
5	3	5	form_of	SU	FN
5	3	5	form_of	SU	PT
49	3	5	form_of	SY	FN
49	3	5	form_of	SY	PT
5	3	5	has_boss	TMSY	SCDFP
5	3	5	has_boss	TMSY	TMSY
8	3	4	form_of	FN	BN
8	3	4	form_of	FN	SU
16	3	4	form_of	FSY	BN
15	3	4	form_of	FSY	SU
4	3	4	form_of	GN	BN
4	3	4	form_of	GN	SU
5	3	4	form_of	IN	BN
5	3	4	form_of	IN	SU
8	3	4	form_of	PT	BN
8	3	4	form_of	PT	SU
4	3	4	form_of	SU	BN
4	3	4	form_of	SU	SU
35	3	4	form_of	SY	BN
40	3	4	form_of	SY	SU
4	3	4	isa	CDA	PSN
4	3	4	isa	CDC	PSN
4	3	4	isa	CDD	PSN
3	3	3	constitutes	FN	TMSY
3	3	3	constitutes	PT	TMSY
3	3	3	has_tradename	SBD	SCD
4	3	3	has_tradename	SY	SCD
4	3	3	ingredient_of	BD	IN
17	3	3	inverse_isa	BD	SCDFP
3	3	3	inverse_isa	SY	CD
6	3	2	isa	TMSY	MTH_RXN_BD
12	3	2	isa	TMSY	MTH_RXN_CD
3	3	1	constitutes	BN	SCDC
3	3	1	dose_form_of	GPCK	DF
3	3	1	dose_form_of	SCDF	SY
3	3	1	ingredient_of	BN	BN
534	2	262	has_ingredient	BN	SCDG
500	2	247	has_ingredient	BN	SCDF
222	2	111	has_ingredient	BN	SCDC
212	2	104	has_part	BN	MIN
59	2	59	isa	BD	SCD
88	2	59	isa	BD	TMSY
104	2	50	has_part	BN	IN
338	2	49	isa	BD	BD
100	2	48	has_part	BN	GN
82	2	36	isa	BD	CD
34	2	32	isa	BD	SY
40	2	19	has_part	BN	FN
40	2	19	has_part	BN	PT
17	2	17	isa	BD	PSN
32	2	15	has_part	BN	SY
32	2	15	has_part	FN	SY
76	2	15	has_part	FSY	SY
16	2	15	has_part	GN	SY
30	2	15	has_part	IN	SY
32	2	15	has_part	PT	SY
16	2	15	has_part	SU	SY
150	2	15	has_part	SY	SY
30	2	14	has_ingredient	BN	FN
30	2	14	has_ingredient	BN	PT
32	2	13	has_part	BN	BN
18	2	8	has_ingredient	FN	SY
41	2	8	has_ingredient	FSY	SY
9	2	8	has_ingredient	GN	SY
16	2	8	has_ingredient	IN	SY
18	2	8	has_ingredient	PT	SY
9	2	8	has_ingredient	SU	SY
87	2	8	has_ingredient	SY	SY
8	2	8	has_ingredients	SY	SCD
8	2	8	isa	SY	SCD
14	2	7	has_ingredient	FN	CD
27	2	7	has_ingredient	FSY	CD
7	2	7	has_ingredient	GN	CD
10	2	7	has_ingredient	IN	CD
14	2	7	has_ingredient	PT	CD
7	2	7	has_ingredient	SU	CD
75	2	7	has_ingredient	SY	CD
7	2	7	has_precise_ingredient	SYGB	BN
9	2	6	has_boss	BN	TMSY
7	2	6	has_boss	PIN	CD
10	2	6	has_ingredients	SY	SY
12	2	6	has_part	BN	TMSY
10	2	6	isa	SY	SY
14	2	5	form_of	BN	IN
10	2	5	form_of	BN	PIN
11	2	5	has_ingredients	SY	BD
15	2	5	has_ingredients	SY	CD
6	2	5	has_ingredients	SY	CDA
6	2	5	has_ingredients	SY	CDC
6	2	5	has_ingredients	SY	CDD
11	2	5	isa	SY	BD
15	2	5	isa	SY	CD
6	2	5	isa	SY	CDA
6	2	5	isa	SY	CDC
6	2	5	isa	SY	CDD
8	2	4	form_of	BN	FN
8	2	4	form_of	BN	PT
8	2	4	form_of	FN	SY
19	2	4	form_of	FSY	SY
4	2	4	form_of	GN	SY
7	2	4	form_of	IN	SY
8	2	4	form_of	PT	SY
4	2	4	form_of	SU	SY
34	2	4	form_of	SY	SY
4	2	4	has_ingredients	SY	FN
4	2	4	has_ingredients	SY	PT
4	2	4	isa	SCDFP	FN
4	2	4	isa	SCDFP	PT
4	2	4	isa	SY	FN
4	2	4	isa	SY	PT
6	2	3	boss_of	CDA	BN
8	2	3	boss_of	CDA	FN
26	2	3	boss_of	CDA	FSY
4	2	3	boss_of	CDA	GN
6	2	3	boss_of	CDA	IN
8	2	3	boss_of	CDA	PT
4	2	3	boss_of	CDA	SU
38	2	3	boss_of	CDA	SY
6	2	3	boss_of	CDC	BN
8	2	3	boss_of	CDC	FN
26	2	3	boss_of	CDC	FSY
4	2	3	boss_of	CDC	GN
6	2	3	boss_of	CDC	IN
8	2	3	boss_of	CDC	PT
4	2	3	boss_of	CDC	SU
38	2	3	boss_of	CDC	SY
6	2	3	boss_of	CDD	BN
8	2	3	boss_of	CDD	FN
26	2	3	boss_of	CDD	FSY
4	2	3	boss_of	CDD	GN
6	2	3	boss_of	CDD	IN
8	2	3	boss_of	CDD	PT
4	2	3	boss_of	CDD	SU
38	2	3	boss_of	CDD	SY
6	2	3	form_of	BN	SU
3	2	3	has_ingredients	SY	PSN
3	2	3	isa	SY	PSN
4	2	2	constitutes	DP	TMSY
2	2	2	doseformgroup_of	GN	DFG
4	2	2	form_of	BN	BN
3	2	2	form_of	TMSY	CD
12	2	2	has_tradename	BD	CD
6	2	2	has_tradename	BD	CDA
6	2	2	has_tradename	BD	CDC
6	2	2	has_tradename	BD	CDD
6	2	2	has_tradename	BD	PSN
6	2	2	has_tradename	BD	SCD
6	2	2	has_tradename	BD	SY
4	2	2	has_tradename	PSN	CD
2	2	2	has_tradename	PSN	CDA
2	2	2	has_tradename	PSN	CDC
2	2	2	has_tradename	PSN	CDD
2	2	2	has_tradename	PSN	PSN
2	2	2	has_tradename	PSN	SCD
2	2	2	has_tradename	PSN	SY
4	2	2	has_tradename	SBD	CD
2	2	2	has_tradename	SBD	CDA
2	2	2	has_tradename	SBD	CDC
2	2	2	has_tradename	SBD	CDD
2	2	2	has_tradename	SBD	PSN
2	2	2	has_tradename	SBD	SY
3	2	2	has_tradename	SBD	TMSY
2	2	2	has_tradename	SBDG	SCDG
7	2	2	has_tradename	SY	CD
3	2	2	has_tradename	SY	CDA
3	2	2	has_tradename	SY	CDC
3	2	2	has_tradename	SY	CDD
3	2	2	has_tradename	SY	PSN
3	2	2	has_tradename	SY	SY
5	2	2	has_tradename	SY	TMSY
2	2	2	has_tradename	TMSY	SCD
6	2	2	ingredient_of	BD	FN
10	2	2	ingredient_of	BD	FSY
3	2	2	ingredient_of	BD	GN
6	2	2	ingredient_of	BD	PT
3	2	2	ingredient_of	BD	SU
38	2	2	ingredient_of	BD	SY
2	2	2	inverse_isa	AB	SCDFP
7	2	2	inverse_isa	BD	CD
3	2	2	inverse_isa	DP	SCDFP
2	2	2	inverse_isa	SCD	CD
2	2	2	isa	CDA	AB
2	2	2	isa	CDC	AB
2	2	2	isa	CDD	AB
4	2	2	isa	SCDG	MTH_RXN_BD
8	2	2	isa	SCDG	MTH_RXN_CD
2	2	2	part_of	FN	TMSY
2	2	2	part_of	PT	TMSY
2	2	1	boss_of	TMSY	MS
2	2	1	constitutes	MTH_RXN_CD	SCDC
2	2	1	dose_form_of	BPCK	DF
2	2	1	ingredient_of	SCDF	AB
2	2	1	ingredient_of	SCDF	BD
2	2	1	ingredient_of	SCDF	CD
2	2	1	ingredient_of	SCDG	AB
2	2	1	ingredient_of	SCDG	BD
2	2	1	ingredient_of	SCDG	CD
2	2	1	ingredient_of	SCDG	SYGB
3	2	1	inverse_isa	TMSY	CD
4	2	1	isa	SBDG	BD
2	2	1	isa	SBDG	SBD
2	2	1	isa	SBDG	SY
4	2	1	isa	SBDG	TMSY
2	2	1	isa	TMSY	SBD
2	2	1	part_of	TMSY	MS
2	2	1	precise_ingredient_of	BN	GN
2	2	1	precise_ingredient_of	BN	SYGB
4	2	1	tradename_of	FN	IN
7	2	1	tradename_of	FSY	IN
2	2	1	tradename_of	GN	IN
3	2	1	tradename_of	IN	IN
4	2	1	tradename_of	PT	IN
2	2	1	tradename_of	SU	IN
16	2	1	tradename_of	SY	IN
2	2	1	tradename_of	TMSY	CD
30	1	28	isa	BD	CDA
30	1	28	isa	BD	CDC
30	1	28	isa	BD	CDD
39	1	13	has_boss	FSY	SCDFP
13	1	13	has_boss	GN	SCDFP
156	1	13	has_boss	SY	SCDFP
7	1	7	isa	BD	AB
9	1	6	has_ingredients	SY	TMSY
9	1	6	isa	SY	TMSY
12	1	4	has_boss	FSY	CD
4	1	4	has_boss	GN	CD
48	1	4	has_boss	SY	CD
6	1	3	form_of	BN	SY
9	1	3	has_boss	FSY	TMSY
3	1	3	has_boss	GN	TMSY
36	1	3	has_boss	SY	TMSY
6	1	3	has_ingredient	BN	CDA
6	1	3	has_ingredient	BN	CDC
6	1	3	has_ingredient	BN	CDD
6	1	3	has_ingredient	FN	CDA
6	1	3	has_ingredient	FN	CDC
6	1	3	has_ingredient	FN	CDD
15	1	3	has_ingredient	FSY	CDA
15	1	3	has_ingredient	FSY	CDC
15	1	3	has_ingredient	FSY	CDD
3	1	3	has_ingredient	GN	CDA
3	1	3	has_ingredient	GN	CDC
3	1	3	has_ingredient	GN	CDD
6	1	3	has_ingredient	IN	CDA
6	1	3	has_ingredient	IN	CDC
6	1	3	has_ingredient	IN	CDD
6	1	3	has_ingredient	PT	CDA
6	1	3	has_ingredient	PT	CDC
6	1	3	has_ingredient	PT	CDD
3	1	3	has_ingredient	SU	CDA
3	1	3	has_ingredient	SU	CDC
3	1	3	has_ingredient	SU	CDD
27	1	3	has_ingredient	SY	CDA
27	1	3	has_ingredient	SY	CDC
27	1	3	has_ingredient	SY	CDD
2	1	2	consists_of	SCDC	MTH_RXN_BD
4	1	2	consists_of	SCDC	MTH_RXN_CD
2	1	2	consists_of	TMSY	MTH_RXN_BD
4	1	2	consists_of	TMSY	MTH_RXN_CD
3	1	2	has_boss	TMSY	CD
2	1	2	inverse_isa	CDA	SCDGP
2	1	2	inverse_isa	CDA	TMSY
2	1	2	inverse_isa	CDC	SCDGP
2	1	2	inverse_isa	CDC	TMSY
2	1	2	inverse_isa	CDD	SCDGP
2	1	2	inverse_isa	CDD	TMSY
22	1	2	isa	BD	DP
2	1	2	isa	BD	FN
2	1	2	isa	BD	PT
2	1	2	isa	FN	MTH_RXN_BD
4	1	2	isa	FN	MTH_RXN_CD
2	1	2	isa	PT	MTH_RXN_BD
4	1	2	isa	PT	MTH_RXN_CD
2	1	2	isa	SCDF	MTH_RXN_BD
4	1	2	isa	SCDF	MTH_RXN_CD
1	1	1	boss_of	CD	PTGB
1	1	1	boss_of	SCDFP	PTGB
1	1	1	constitutes	SCD	IN
1	1	1	constitutes	SY	IN
2	1	1	constitutes	TMSY	IN
1	1	1	contains	MTH_RXN_CD	BD
1	1	1	contains	MTH_RXN_CD	CD
1	1	1	contains	MTH_RXN_CD	GPCK
1	1	1	contains	MTH_RXN_CD	PSN
1	1	1	contains	MTH_RXN_CD	SY
2	1	1	contains	MTH_RXN_CD	TMSY
1	1	1	dose_form_of	SBDF	SY
1	1	1	dose_form_of	SCDF	CD
1	1	1	doseformgroup_of	CD	DFG
1	1	1	form_of	CD	SCDGP
1	1	1	has_ingredient	BN	DP
2	1	1	has_ingredient	BN	GN
2	1	1	has_ingredient	FN	BN
2	1	1	has_ingredient	FN	GN
4	1	1	has_ingredient	FSY	BN
3	1	1	has_ingredient	FSY	GN
1	1	1	has_ingredient	GN	BN
1	1	1	has_ingredient	GN	GN
1	1	1	has_ingredient	IN	BN
1	1	1	has_ingredient	IN	GN
2	1	1	has_ingredient	PT	BN
2	1	1	has_ingredient	PT	GN
1	1	1	has_ingredient	SU	BN
1	1	1	has_ingredient	SU	GN
7	1	1	has_ingredient	SY	BN
12	1	1	has_ingredient	SY	GN
2	1	1	has_ingredient	TMSY	CD
1	1	1	has_ingredients	SY	AB
2	1	1	has_ingredients	SY	DP
1	1	1	has_precise_ingredient	BN	IN
1	1	1	has_precise_ingredient	FN	IN
1	1	1	has_precise_ingredient	IN	IN
1	1	1	has_precise_ingredient	PIN	IN
1	1	1	has_precise_ingredient	PT	IN
1	1	1	has_precise_ingredient	SU	IN
1	1	1	has_precise_ingredient	SY	IN
1	1	1	has_precise_ingredient	TMSY	IN
18	1	1	has_tradename	BD	BD
6	1	1	has_tradename	BD	TMSY
1	1	1	has_tradename	BN	TMSY
2	1	1	has_tradename	IN	FN
3	1	1	has_tradename	IN	FSY
1	1	1	has_tradename	IN	GN
1	1	1	has_tradename	IN	IN
2	1	1	has_tradename	IN	PT
1	1	1	has_tradename	IN	SU
16	1	1	has_tradename	IN	SY
6	1	1	has_tradename	PSN	BD
2	1	1	has_tradename	PSN	TMSY
6	1	1	has_tradename	SBD	BD
1	1	1	has_tradename	SBDF	SCDF
6	1	1	has_tradename	SY	BD
3	1	1	has_tradename	TMSY	CD
1	1	1	has_tradename	TMSY	CDA
1	1	1	has_tradename	TMSY	CDC
1	1	1	has_tradename	TMSY	CDD
1	1	1	has_tradename	TMSY	PSN
1	1	1	ingredient_of	CD	MS
1	1	1	ingredient_of	FN	SYGB
1	1	1	ingredient_of	FN	TMSY
1	1	1	ingredient_of	PT	SYGB
1	1	1	ingredient_of	PT	TMSY
1	1	1	ingredient_of	SBD	IN
1	1	1	ingredient_of	SBDC	IN
1	1	1	ingredient_of	SBDF	IN
1	1	1	ingredient_of	SCDF	SYGB
1	1	1	inverse_isa	AB	CD
4	1	1	inverse_isa	CD	CD
1	1	1	inverse_isa	CDA	CD
1	1	1	inverse_isa	CDC	CD
1	1	1	inverse_isa	CDD	CD
1	1	1	inverse_isa	DP	CD
1	1	1	inverse_isa	PSN	CD
1	1	1	inverse_isa	SBD	CD
1	1	1	inverse_isa	SBDF	CD
1	1	1	isa	CDA	FN
1	1	1	isa	CDA	PT
1	1	1	isa	CDC	FN
1	1	1	isa	CDC	PT
1	1	1	isa	CDD	FN
1	1	1	isa	CDD	PT
2	1	1	isa	SBDF	BD
1	1	1	isa	SBDF	SBD
1	1	1	isa	SBDF	SY
2	1	1	isa	SBDF	TMSY
2	1	1	isa	SBDFP	BD
1	1	1	isa	SBDFP	SBD
1	1	1	isa	SBDFP	SY
2	1	1	isa	SBDFP	TMSY
1	1	1	isa	SY	AB
2	1	1	isa	SY	DP
1	1	1	part_of	BN	TMSY
1	1	1	part_of	FN	SYGB
1	1	1	part_of	IN	AB
1	1	1	part_of	IN	BD
1	1	1	part_of	IN	CD
1	1	1	part_of	MIN	AB
1	1	1	part_of	MIN	BD
1	1	1	part_of	MIN	CD
1	1	1	part_of	MIN	SYGB
1	1	1	part_of	PT	SYGB
1	1	1	precise_ingredient_of	BN	PTGB
1	1	1	precise_ingredient_of	IN	BN
1	1	1	precise_ingredient_of	IN	FN
2	1	1	precise_ingredient_of	IN	IN
1	1	1	precise_ingredient_of	IN	PIN
1	1	1	precise_ingredient_of	IN	PT
1	1	1	precise_ingredient_of	IN	SU
1	1	1	precise_ingredient_of	IN	SY
2	1	1	tradename_of	BN	IN
2	1	1	tradename_of	BN	SY
1	1	1	tradename_of	CD	SBDFP
1	1	1	tradename_of	CD	SBDG
2	1	1	tradename_of	FN	SY
5	1	1	tradename_of	FSY	SY
1	1	1	tradename_of	GN	SY
2	1	1	tradename_of	IN	SY
2	1	1	tradename_of	PT	SY
1	1	1	tradename_of	SCDG	CD
1	1	1	tradename_of	SCDGP	CD
1	1	1	tradename_of	SU	SY
9	1	1	tradename_of	SY	SY
1	1	1	tradename_of	SY	TMSY
1	1	1	tradename_of	TMSY	IN
